ATM ID,State_Name,ATM_City,Terminal_Location,date,No of Withdrawals,Total Amount Dispensed
ATM1000,Telangana,Hyderabad,Railway Station,2026-04-16,93,262179
ATM1000,Telangana,Hyderabad,Railway Station,2026-04-17,102,256667
ATM1000,Telangana,Hyderabad,Railway Station,2026-04-18,189,348408
ATM1000,Telangana,Hyderabad,Railway Station,2026-04-19,136,346007
ATM1000,Telangana,Hyderabad,Railway Station,2026-04-20,122,235648
ATM1000,Telangana,Hyderabad,Railway Station,2026-04-21,159,257135
ATM1000,Telangana,Hyderabad,Railway Station,2026-04-22,125,310625
ATM1000,Telangana,Hyderabad,Railway Station,2026-04-23,101,258216
ATM1000,Telangana,Hyderabad,Railway Station,2026-04-24,91,242269
ATM1000,Telangana,Hyderabad,Railway Station,2026-04-25,198,343491
ATM1000,Telangana,Hyderabad,Railway Station,2026-04-26,123,326230
ATM1000,Telangana,Hyderabad,Railway Station,2026-04-27,144,287868
ATM1000,Telangana,Hyderabad,Railway Station,2026-04-28,94,258724
ATM1000,Telangana,Hyderabad,Railway Station,2026-04-29,117,274229
ATM1000,Telangana,Hyderabad,Railway Station,2026-04-30,91,271946
ATM1000,Telangana,Hyderabad,Railway Station,2026-05-01,135,252347
ATM1000,Telangana,Hyderabad,Railway Station,2026-05-02,137,345650
ATM1000,Telangana,Hyderabad,Railway Station,2026-05-03,204,334817
ATM1000,Telangana,Hyderabad,Railway Station,2026-05-04,152,247050
ATM1000,Telangana,Hyderabad,Railway Station,2026-05-05,93,262567
ATM1000,Telangana,Hyderabad,Railway Station,2026-05-06,109,262590
ATM1000,Telangana,Hyderabad,Railway Station,2026-05-07,121,250718
ATM1000,Telangana,Hyderabad,Railway Station,2026-05-08,163,248422
ATM1000,Telangana,Hyderabad,Railway Station,2026-05-09,224,338367
ATM1000,Telangana,Hyderabad,Railway Station,2026-05-10,135,350637
ATM1000,Telangana,Hyderabad,Railway Station,2026-05-11,108,254700
ATM1000,Telangana,Hyderabad,Railway Station,2026-05-12,87,255972
ATM1000,Telangana,Hyderabad,Railway Station,2026-05-13,134,270231
ATM1000,Telangana,Hyderabad,Railway Station,2026-05-14,112,264819
ATM1000,Telangana,Hyderabad,Railway Station,2026-05-15,150,266153
ATM1000,Telangana,Hyderabad,Railway Station,2026-05-16,154,343028
ATM1000,Telangana,Hyderabad,Railway Station,2026-05-17,160,327611
ATM1000,Telangana,Hyderabad,Railway Station,2026-05-18,156,255019
ATM1000,Telangana,Hyderabad,Railway Station,2026-05-19,101,290445
ATM1000,Telangana,Hyderabad,Railway Station,2026-05-20,142,283713
ATM1000,Telangana,Hyderabad,Railway Station,2026-05-21,96,254387
ATM1000,Telangana,Hyderabad,Railway Station,2026-05-22,103,259584
ATM1000,Telangana,Hyderabad,Railway Station,2026-05-23,220,331465
ATM1000,Telangana,Hyderabad,Railway Station,2026-05-24,140,347953
ATM1000,Telangana,Hyderabad,Railway Station,2026-05-25,175,264604
ATM1001,Kerala,Trivandrum,Railway Station,2026-04-16,46,120915
ATM1001,Kerala,Trivandrum,Railway Station,2026-04-17,51,141029
ATM1001,Kerala,Trivandrum,Railway Station,2026-04-18,79,153586
ATM1001,Kerala,Trivandrum,Railway Station,2026-04-19,47,136967
ATM1001,Kerala,Trivandrum,Railway Station,2026-04-20,57,107943
ATM1001,Kerala,Trivandrum,Railway Station,2026-04-21,49,130033
ATM1001,Kerala,Trivandrum,Railway Station,2026-04-22,70,110968
ATM1001,Kerala,Trivandrum,Railway Station,2026-04-23,67,105471
ATM1001,Kerala,Trivandrum,Railway Station,2026-04-24,48,123333
ATM1001,Kerala,Trivandrum,Railway Station,2026-04-25,55,129150
ATM1001,Kerala,Trivandrum,Railway Station,2026-04-26,92,151155
ATM1001,Kerala,Trivandrum,Railway Station,2026-04-27,61,108524
ATM1001,Kerala,Trivandrum,Railway Station,2026-04-28,34,98488
ATM1001,Kerala,Trivandrum,Railway Station,2026-04-29,59,116273
ATM1001,Kerala,Trivandrum,Railway Station,2026-04-30,54,125626
ATM1001,Kerala,Trivandrum,Railway Station,2026-05-01,62,109120
ATM1001,Kerala,Trivandrum,Railway Station,2026-05-02,50,129160
ATM1001,Kerala,Trivandrum,Railway Station,2026-05-03,48,138835
ATM1001,Kerala,Trivandrum,Railway Station,2026-05-04,52,110772
ATM1001,Kerala,Trivandrum,Railway Station,2026-05-05,48,113204
ATM1001,Kerala,Trivandrum,Railway Station,2026-05-06,42,110670
ATM1001,Kerala,Trivandrum,Railway Station,2026-05-07,54,121257
ATM1001,Kerala,Trivandrum,Railway Station,2026-05-08,61,113564
ATM1001,Kerala,Trivandrum,Railway Station,2026-05-09,82,146826
ATM1001,Kerala,Trivandrum,Railway Station,2026-05-10,73,171296
ATM1001,Kerala,Trivandrum,Railway Station,2026-05-11,34,81404
ATM1001,Kerala,Trivandrum,Railway Station,2026-05-12,36,107757
ATM1001,Kerala,Trivandrum,Railway Station,2026-05-13,36,108160
ATM1001,Kerala,Trivandrum,Railway Station,2026-05-14,55,120151
ATM1001,Kerala,Trivandrum,Railway Station,2026-05-15,29,82239
ATM1001,Kerala,Trivandrum,Railway Station,2026-05-16,62,152383
ATM1001,Kerala,Trivandrum,Railway Station,2026-05-17,54,146754
ATM1001,Kerala,Trivandrum,Railway Station,2026-05-18,33,89041
ATM1001,Kerala,Trivandrum,Railway Station,2026-05-19,43,119140
ATM1001,Kerala,Trivandrum,Railway Station,2026-05-20,55,117823
ATM1001,Kerala,Trivandrum,Railway Station,2026-05-21,46,121828
ATM1001,Kerala,Trivandrum,Railway Station,2026-05-22,52,89472
ATM1001,Kerala,Trivandrum,Railway Station,2026-05-23,83,155276
ATM1001,Kerala,Trivandrum,Railway Station,2026-05-24,76,177094
ATM1001,Kerala,Trivandrum,Railway Station,2026-05-25,51,112925
ATM1002,Gujarat,Surat,Market Area,2026-04-16,109,312316
ATM1002,Gujarat,Surat,Market Area,2026-04-17,142,294278
ATM1002,Gujarat,Surat,Market Area,2026-04-18,257,388712
ATM1002,Gujarat,Surat,Market Area,2026-04-19,231,386125
ATM1002,Gujarat,Surat,Market Area,2026-04-20,103,299532
ATM1002,Gujarat,Surat,Market Area,2026-04-21,159,294516
ATM1002,Gujarat,Surat,Market Area,2026-04-22,167,312428
ATM1002,Gujarat,Surat,Market Area,2026-04-23,139,286658
ATM1002,Gujarat,Surat,Market Area,2026-04-24,199,308528
ATM1002,Gujarat,Surat,Market Area,2026-04-25,157,384818
ATM1002,Gujarat,Surat,Market Area,2026-04-26,211,384115
ATM1002,Gujarat,Surat,Market Area,2026-04-27,118,288828
ATM1002,Gujarat,Surat,Market Area,2026-04-28,187,326737
ATM1002,Gujarat,Surat,Market Area,2026-04-29,132,302122
ATM1002,Gujarat,Surat,Market Area,2026-04-30,155,319773
ATM1002,Gujarat,Surat,Market Area,2026-05-01,136,313174
ATM1002,Gujarat,Surat,Market Area,2026-05-02,181,386218
ATM1002,Gujarat,Surat,Market Area,2026-05-03,199,377568
ATM1002,Gujarat,Surat,Market Area,2026-05-04,104,305731
ATM1002,Gujarat,Surat,Market Area,2026-05-05,102,279347
ATM1002,Gujarat,Surat,Market Area,2026-05-06,136,303097
ATM1002,Gujarat,Surat,Market Area,2026-05-07,106,301645
ATM1002,Gujarat,Surat,Market Area,2026-05-08,149,300114
ATM1002,Gujarat,Surat,Market Area,2026-05-09,137,339620
ATM1002,Gujarat,Surat,Market Area,2026-05-10,143,396940
ATM1002,Gujarat,Surat,Market Area,2026-05-11,108,313861
ATM1002,Gujarat,Surat,Market Area,2026-05-12,116,296523
ATM1002,Gujarat,Surat,Market Area,2026-05-13,125,315263
ATM1002,Gujarat,Surat,Market Area,2026-05-14,97,289357
ATM1002,Gujarat,Surat,Market Area,2026-05-15,116,301840
ATM1002,Gujarat,Surat,Market Area,2026-05-16,236,374429
ATM1002,Gujarat,Surat,Market Area,2026-05-17,135,382616
ATM1002,Gujarat,Surat,Market Area,2026-05-18,111,304711
ATM1002,Gujarat,Surat,Market Area,2026-05-19,162,311322
ATM1002,Gujarat,Surat,Market Area,2026-05-20,112,304214
ATM1002,Gujarat,Surat,Market Area,2026-05-21,131,306163
ATM1002,Gujarat,Surat,Market Area,2026-05-22,171,282422
ATM1002,Gujarat,Surat,Market Area,2026-05-23,224,378178
ATM1002,Gujarat,Surat,Market Area,2026-05-24,252,382943
ATM1002,Gujarat,Surat,Market Area,2026-05-25,130,326079
ATM1003,Karnataka,Mysore,Railway Station,2026-04-16,120,353214
ATM1003,Karnataka,Mysore,Railway Station,2026-04-17,234,365821
ATM1003,Karnataka,Mysore,Railway Station,2026-04-18,151,410339
ATM1003,Karnataka,Mysore,Railway Station,2026-04-19,205,451730
ATM1003,Karnataka,Mysore,Railway Station,2026-04-20,119,355400
ATM1003,Karnataka,Mysore,Railway Station,2026-04-21,198,325975
ATM1003,Karnataka,Mysore,Railway Station,2026-04-22,195,365799
ATM1003,Karnataka,Mysore,Railway Station,2026-04-23,176,367091
ATM1003,Karnataka,Mysore,Railway Station,2026-04-24,156,349438
ATM1003,Karnataka,Mysore,Railway Station,2026-04-25,198,437238
ATM1003,Karnataka,Mysore,Railway Station,2026-04-26,153,438030
ATM1003,Karnataka,Mysore,Railway Station,2026-04-27,159,337166
ATM1003,Karnataka,Mysore,Railway Station,2026-04-28,201,339118
ATM1003,Karnataka,Mysore,Railway Station,2026-04-29,114,327269
ATM1003,Karnataka,Mysore,Railway Station,2026-04-30,215,386341
ATM1003,Karnataka,Mysore,Railway Station,2026-05-01,212,331104
ATM1003,Karnataka,Mysore,Railway Station,2026-05-02,210,448581
ATM1003,Karnataka,Mysore,Railway Station,2026-05-03,300,464957
ATM1003,Karnataka,Mysore,Railway Station,2026-05-04,157,325225
ATM1003,Karnataka,Mysore,Railway Station,2026-05-05,208,371166
ATM1003,Karnataka,Mysore,Railway Station,2026-05-06,181,377515
ATM1003,Karnataka,Mysore,Railway Station,2026-05-07,151,355033
ATM1003,Karnataka,Mysore,Railway Station,2026-05-08,170,357542
ATM1003,Karnataka,Mysore,Railway Station,2026-05-09,226,418076
ATM1003,Karnataka,Mysore,Railway Station,2026-05-10,180,432747
ATM1003,Karnataka,Mysore,Railway Station,2026-05-11,166,336517
ATM1003,Karnataka,Mysore,Railway Station,2026-05-12,138,359996
ATM1003,Karnataka,Mysore,Railway Station,2026-05-13,149,352109
ATM1003,Karnataka,Mysore,Railway Station,2026-05-14,147,356241
ATM1003,Karnataka,Mysore,Railway Station,2026-05-15,152,351858
ATM1003,Karnataka,Mysore,Railway Station,2026-05-16,236,460082
ATM1003,Karnataka,Mysore,Railway Station,2026-05-17,171,437319
ATM1003,Karnataka,Mysore,Railway Station,2026-05-18,207,355547
ATM1003,Karnataka,Mysore,Railway Station,2026-05-19,163,349843
ATM1003,Karnataka,Mysore,Railway Station,2026-05-20,123,360327
ATM1003,Karnataka,Mysore,Railway Station,2026-05-21,121,353429
ATM1003,Karnataka,Mysore,Railway Station,2026-05-22,191,331817
ATM1003,Karnataka,Mysore,Railway Station,2026-05-23,217,443548
ATM1003,Karnataka,Mysore,Railway Station,2026-05-24,228,436216
ATM1003,Karnataka,Mysore,Railway Station,2026-05-25,131,353653
ATM1004,Kerala,Calicut,Bus Stand,2026-04-16,299,482027
ATM1004,Kerala,Calicut,Bus Stand,2026-04-17,192,484491
ATM1004,Kerala,Calicut,Bus Stand,2026-04-18,226,602879
ATM1004,Kerala,Calicut,Bus Stand,2026-04-19,246,583348
ATM1004,Kerala,Calicut,Bus Stand,2026-04-20,298,486956
ATM1004,Kerala,Calicut,Bus Stand,2026-04-21,245,470439
ATM1004,Kerala,Calicut,Bus Stand,2026-04-22,203,491625
ATM1004,Kerala,Calicut,Bus Stand,2026-04-23,247,472953
ATM1004,Kerala,Calicut,Bus Stand,2026-04-24,195,502098
ATM1004,Kerala,Calicut,Bus Stand,2026-04-25,219,604955
ATM1004,Kerala,Calicut,Bus Stand,2026-04-26,412,625908
ATM1004,Kerala,Calicut,Bus Stand,2026-04-27,185,476726
ATM1004,Kerala,Calicut,Bus Stand,2026-04-28,272,437034
ATM1004,Kerala,Calicut,Bus Stand,2026-04-29,220,489562
ATM1004,Kerala,Calicut,Bus Stand,2026-04-30,193,465798
ATM1004,Kerala,Calicut,Bus Stand,2026-05-01,267,479667
ATM1004,Kerala,Calicut,Bus Stand,2026-05-02,280,589333
ATM1004,Kerala,Calicut,Bus Stand,2026-05-03,272,570535
ATM1004,Kerala,Calicut,Bus Stand,2026-05-04,175,464703
ATM1004,Kerala,Calicut,Bus Stand,2026-05-05,175,467592
ATM1004,Kerala,Calicut,Bus Stand,2026-05-06,213,463689
ATM1004,Kerala,Calicut,Bus Stand,2026-05-07,271,482261
ATM1004,Kerala,Calicut,Bus Stand,2026-05-08,196,481729
ATM1004,Kerala,Calicut,Bus Stand,2026-05-09,221,604054
ATM1004,Kerala,Calicut,Bus Stand,2026-05-10,233,614546
ATM1004,Kerala,Calicut,Bus Stand,2026-05-11,176,508241
ATM1004,Kerala,Calicut,Bus Stand,2026-05-12,289,498501
ATM1004,Kerala,Calicut,Bus Stand,2026-05-13,179,474340
ATM1004,Kerala,Calicut,Bus Stand,2026-05-14,318,479384
ATM1004,Kerala,Calicut,Bus Stand,2026-05-15,211,474909
ATM1004,Kerala,Calicut,Bus Stand,2026-05-16,272,587668
ATM1004,Kerala,Calicut,Bus Stand,2026-05-17,319,605112
ATM1004,Kerala,Calicut,Bus Stand,2026-05-18,161,466694
ATM1004,Kerala,Calicut,Bus Stand,2026-05-19,304,502846
ATM1004,Kerala,Calicut,Bus Stand,2026-05-20,217,475880
ATM1004,Kerala,Calicut,Bus Stand,2026-05-21,171,479523
ATM1004,Kerala,Calicut,Bus Stand,2026-05-22,193,474727
ATM1004,Kerala,Calicut,Bus Stand,2026-05-23,267,575979
ATM1004,Kerala,Calicut,Bus Stand,2026-05-24,286,603289
ATM1004,Kerala,Calicut,Bus Stand,2026-05-25,289,493946
ATM1005,Telangana,Warangal,College Campus,2026-04-16,42,98826
ATM1005,Telangana,Warangal,College Campus,2026-04-17,46,83584
ATM1005,Telangana,Warangal,College Campus,2026-04-18,47,128678
ATM1005,Telangana,Warangal,College Campus,2026-04-19,46,132787
ATM1005,Telangana,Warangal,College Campus,2026-04-20,33,91666
ATM1005,Telangana,Warangal,College Campus,2026-04-21,58,88665
ATM1005,Telangana,Warangal,College Campus,2026-04-22,52,97744
ATM1005,Telangana,Warangal,College Campus,2026-04-23,45,104247
ATM1005,Telangana,Warangal,College Campus,2026-04-24,35,89348
ATM1005,Telangana,Warangal,College Campus,2026-04-25,66,102460
ATM1005,Telangana,Warangal,College Campus,2026-04-26,60,132447
ATM1005,Telangana,Warangal,College Campus,2026-04-27,54,86546
ATM1005,Telangana,Warangal,College Campus,2026-04-28,35,95284
ATM1005,Telangana,Warangal,College Campus,2026-04-29,23,66082
ATM1005,Telangana,Warangal,College Campus,2026-04-30,19,51708
ATM1005,Telangana,Warangal,College Campus,2026-05-01,56,95667
ATM1005,Telangana,Warangal,College Campus,2026-05-02,63,132817
ATM1005,Telangana,Warangal,College Campus,2026-05-03,36,108371
ATM1005,Telangana,Warangal,College Campus,2026-05-04,35,58882
ATM1005,Telangana,Warangal,College Campus,2026-05-05,30,84119
ATM1005,Telangana,Warangal,College Campus,2026-05-06,43,86399
ATM1005,Telangana,Warangal,College Campus,2026-05-07,42,92135
ATM1005,Telangana,Warangal,College Campus,2026-05-08,35,93199
ATM1005,Telangana,Warangal,College Campus,2026-05-09,37,95304
ATM1005,Telangana,Warangal,College Campus,2026-05-10,72,112550
ATM1005,Telangana,Warangal,College Campus,2026-05-11,32,90187
ATM1005,Telangana,Warangal,College Campus,2026-05-12,48,88721
ATM1005,Telangana,Warangal,College Campus,2026-05-13,51,90076
ATM1005,Telangana,Warangal,College Campus,2026-05-14,33,95085
ATM1005,Telangana,Warangal,College Campus,2026-05-15,35,76136
ATM1005,Telangana,Warangal,College Campus,2026-05-16,43,96160
ATM1005,Telangana,Warangal,College Campus,2026-05-17,57,108543
ATM1005,Telangana,Warangal,College Campus,2026-05-18,45,77889
ATM1005,Telangana,Warangal,College Campus,2026-05-19,26,74688
ATM1005,Telangana,Warangal,College Campus,2026-05-20,30,84089
ATM1005,Telangana,Warangal,College Campus,2026-05-21,37,87332
ATM1005,Telangana,Warangal,College Campus,2026-05-22,28,79257
ATM1005,Telangana,Warangal,College Campus,2026-05-23,40,103628
ATM1005,Telangana,Warangal,College Campus,2026-05-24,71,142703
ATM1005,Telangana,Warangal,College Campus,2026-05-25,33,77246
ATM1006,Delhi,New Delhi,Bus Stand,2026-04-16,135,287704
ATM1006,Delhi,New Delhi,Bus Stand,2026-04-17,115,280390
ATM1006,Delhi,New Delhi,Bus Stand,2026-04-18,160,347875
ATM1006,Delhi,New Delhi,Bus Stand,2026-04-19,186,347290
ATM1006,Delhi,New Delhi,Bus Stand,2026-04-20,121,294754
ATM1006,Delhi,New Delhi,Bus Stand,2026-04-21,172,287583
ATM1006,Delhi,New Delhi,Bus Stand,2026-04-22,181,288550
ATM1006,Delhi,New Delhi,Bus Stand,2026-04-23,112,261292
ATM1006,Delhi,New Delhi,Bus Stand,2026-04-24,103,267226
ATM1006,Delhi,New Delhi,Bus Stand,2026-04-25,118,335242
ATM1006,Delhi,New Delhi,Bus Stand,2026-04-26,129,347894
ATM1006,Delhi,New Delhi,Bus Stand,2026-04-27,152,282444
ATM1006,Delhi,New Delhi,Bus Stand,2026-04-28,100,273647
ATM1006,Delhi,New Delhi,Bus Stand,2026-04-29,151,304593
ATM1006,Delhi,New Delhi,Bus Stand,2026-04-30,106,291026
ATM1006,Delhi,New Delhi,Bus Stand,2026-05-01,134,282529
ATM1006,Delhi,New Delhi,Bus Stand,2026-05-02,137,361989
ATM1006,Delhi,New Delhi,Bus Stand,2026-05-03,190,345248
ATM1006,Delhi,New Delhi,Bus Stand,2026-05-04,150,285400
ATM1006,Delhi,New Delhi,Bus Stand,2026-05-05,140,301628
ATM1006,Delhi,New Delhi,Bus Stand,2026-05-06,129,299564
ATM1006,Delhi,New Delhi,Bus Stand,2026-05-07,139,272464
ATM1006,Delhi,New Delhi,Bus Stand,2026-05-08,155,299703
ATM1006,Delhi,New Delhi,Bus Stand,2026-05-09,186,345364
ATM1006,Delhi,New Delhi,Bus Stand,2026-05-10,164,368807
ATM1006,Delhi,New Delhi,Bus Stand,2026-05-11,137,295298
ATM1006,Delhi,New Delhi,Bus Stand,2026-05-12,88,260994
ATM1006,Delhi,New Delhi,Bus Stand,2026-05-13,186,283107
ATM1006,Delhi,New Delhi,Bus Stand,2026-05-14,120,282959
ATM1006,Delhi,New Delhi,Bus Stand,2026-05-15,91,267566
ATM1006,Delhi,New Delhi,Bus Stand,2026-05-16,211,381519
ATM1006,Delhi,New Delhi,Bus Stand,2026-05-17,129,347503
ATM1006,Delhi,New Delhi,Bus Stand,2026-05-18,142,286462
ATM1006,Delhi,New Delhi,Bus Stand,2026-05-19,132,297960
ATM1006,Delhi,New Delhi,Bus Stand,2026-05-20,156,301942
ATM1006,Delhi,New Delhi,Bus Stand,2026-05-21,115,289820
ATM1006,Delhi,New Delhi,Bus Stand,2026-05-22,171,299311
ATM1006,Delhi,New Delhi,Bus Stand,2026-05-23,155,353184
ATM1006,Delhi,New Delhi,Bus Stand,2026-05-24,194,349299
ATM1006,Delhi,New Delhi,Bus Stand,2026-05-25,94,266661
ATM1007,Andhra Pradesh,Vijayawada,Airport,2026-04-16,159,449521
ATM1007,Andhra Pradesh,Vijayawada,Airport,2026-04-17,217,458615
ATM1007,Andhra Pradesh,Vijayawada,Airport,2026-04-18,201,589075
ATM1007,Andhra Pradesh,Vijayawada,Airport,2026-04-19,264,584760
ATM1007,Andhra Pradesh,Vijayawada,Airport,2026-04-20,145,424355
ATM1007,Andhra Pradesh,Vijayawada,Airport,2026-04-21,182,479624
ATM1007,Andhra Pradesh,Vijayawada,Airport,2026-04-22,247,451063
ATM1007,Andhra Pradesh,Vijayawada,Airport,2026-04-23,255,482955
ATM1007,Andhra Pradesh,Vijayawada,Airport,2026-04-24,249,466292
ATM1007,Andhra Pradesh,Vijayawada,Airport,2026-04-25,317,573260
ATM1007,Andhra Pradesh,Vijayawada,Airport,2026-04-26,269,582812
ATM1007,Andhra Pradesh,Vijayawada,Airport,2026-04-27,183,461412
ATM1007,Andhra Pradesh,Vijayawada,Airport,2026-04-28,177,490350
ATM1007,Andhra Pradesh,Vijayawada,Airport,2026-04-29,311,483789
ATM1007,Andhra Pradesh,Vijayawada,Airport,2026-04-30,298,480202
ATM1007,Andhra Pradesh,Vijayawada,Airport,2026-05-01,221,470308
ATM1007,Andhra Pradesh,Vijayawada,Airport,2026-05-02,299,558132
ATM1007,Andhra Pradesh,Vijayawada,Airport,2026-05-03,202,597121
ATM1007,Andhra Pradesh,Vijayawada,Airport,2026-05-04,201,467387
ATM1007,Andhra Pradesh,Vijayawada,Airport,2026-05-05,242,489257
ATM1007,Andhra Pradesh,Vijayawada,Airport,2026-05-06,250,468760
ATM1007,Andhra Pradesh,Vijayawada,Airport,2026-05-07,308,465485
ATM1007,Andhra Pradesh,Vijayawada,Airport,2026-05-08,270,485931
ATM1007,Andhra Pradesh,Vijayawada,Airport,2026-05-09,290,596598
ATM1007,Andhra Pradesh,Vijayawada,Airport,2026-05-10,292,581097
ATM1007,Andhra Pradesh,Vijayawada,Airport,2026-05-11,216,457809
ATM1007,Andhra Pradesh,Vijayawada,Airport,2026-05-12,230,453903
ATM1007,Andhra Pradesh,Vijayawada,Airport,2026-05-13,164,460085
ATM1007,Andhra Pradesh,Vijayawada,Airport,2026-05-14,160,446706
ATM1007,Andhra Pradesh,Vijayawada,Airport,2026-05-15,209,471736
ATM1007,Andhra Pradesh,Vijayawada,Airport,2026-05-16,261,570827
ATM1007,Andhra Pradesh,Vijayawada,Airport,2026-05-17,213,566242
ATM1007,Andhra Pradesh,Vijayawada,Airport,2026-05-18,152,450843
ATM1007,Andhra Pradesh,Vijayawada,Airport,2026-05-19,291,478950
ATM1007,Andhra Pradesh,Vijayawada,Airport,2026-05-20,223,451565
ATM1007,Andhra Pradesh,Vijayawada,Airport,2026-05-21,197,455151
ATM1007,Andhra Pradesh,Vijayawada,Airport,2026-05-22,161,455301
ATM1007,Andhra Pradesh,Vijayawada,Airport,2026-05-23,196,578631
ATM1007,Andhra Pradesh,Vijayawada,Airport,2026-05-24,207,577019
ATM1007,Andhra Pradesh,Vijayawada,Airport,2026-05-25,193,473314
ATM1008,Kerala,Kochi,Hospital,2026-04-16,163,425550
ATM1008,Kerala,Kochi,Hospital,2026-04-17,155,435796
ATM1008,Kerala,Kochi,Hospital,2026-04-18,249,538496
ATM1008,Kerala,Kochi,Hospital,2026-04-19,301,556747
ATM1008,Kerala,Kochi,Hospital,2026-04-20,236,432029
ATM1008,Kerala,Kochi,Hospital,2026-04-21,251,438400
ATM1008,Kerala,Kochi,Hospital,2026-04-22,228,452254
ATM1008,Kerala,Kochi,Hospital,2026-04-23,173,437814
ATM1008,Kerala,Kochi,Hospital,2026-04-24,176,436393
ATM1008,Kerala,Kochi,Hospital,2026-04-25,239,530381
ATM1008,Kerala,Kochi,Hospital,2026-04-26,224,539280
ATM1008,Kerala,Kochi,Hospital,2026-04-27,239,419970
ATM1008,Kerala,Kochi,Hospital,2026-04-28,180,432574
ATM1008,Kerala,Kochi,Hospital,2026-04-29,202,442544
ATM1008,Kerala,Kochi,Hospital,2026-04-30,231,429623
ATM1008,Kerala,Kochi,Hospital,2026-05-01,244,423352
ATM1008,Kerala,Kochi,Hospital,2026-05-02,211,540358
ATM1008,Kerala,Kochi,Hospital,2026-05-03,187,514524
ATM1008,Kerala,Kochi,Hospital,2026-05-04,156,443782
ATM1008,Kerala,Kochi,Hospital,2026-05-05,195,444140
ATM1008,Kerala,Kochi,Hospital,2026-05-06,164,456226
ATM1008,Kerala,Kochi,Hospital,2026-05-07,287,438715
ATM1008,Kerala,Kochi,Hospital,2026-05-08,248,436380
ATM1008,Kerala,Kochi,Hospital,2026-05-09,227,536770
ATM1008,Kerala,Kochi,Hospital,2026-05-10,252,532346
ATM1008,Kerala,Kochi,Hospital,2026-05-11,163,445840
ATM1008,Kerala,Kochi,Hospital,2026-05-12,177,439338
ATM1008,Kerala,Kochi,Hospital,2026-05-13,246,438746
ATM1008,Kerala,Kochi,Hospital,2026-05-14,196,427437
ATM1008,Kerala,Kochi,Hospital,2026-05-15,138,409130
ATM1008,Kerala,Kochi,Hospital,2026-05-16,245,541599
ATM1008,Kerala,Kochi,Hospital,2026-05-17,220,567584
ATM1008,Kerala,Kochi,Hospital,2026-05-18,149,424749
ATM1008,Kerala,Kochi,Hospital,2026-05-19,265,448138
ATM1008,Kerala,Kochi,Hospital,2026-05-20,180,418704
ATM1008,Kerala,Kochi,Hospital,2026-05-21,262,442983
ATM1008,Kerala,Kochi,Hospital,2026-05-22,266,436452
ATM1008,Kerala,Kochi,Hospital,2026-05-23,227,525671
ATM1008,Kerala,Kochi,Hospital,2026-05-24,247,531447
ATM1008,Kerala,Kochi,Hospital,2026-05-25,166,421058
ATM1009,Delhi,New Delhi,Bus Stand,2026-04-16,57,171541
ATM1009,Delhi,New Delhi,Bus Stand,2026-04-17,72,188501
ATM1009,Delhi,New Delhi,Bus Stand,2026-04-18,112,235643
ATM1009,Delhi,New Delhi,Bus Stand,2026-04-19,87,237321
ATM1009,Delhi,New Delhi,Bus Stand,2026-04-20,82,182415
ATM1009,Delhi,New Delhi,Bus Stand,2026-04-21,81,205547
ATM1009,Delhi,New Delhi,Bus Stand,2026-04-22,64,179129
ATM1009,Delhi,New Delhi,Bus Stand,2026-04-23,90,184230
ATM1009,Delhi,New Delhi,Bus Stand,2026-04-24,66,192823
ATM1009,Delhi,New Delhi,Bus Stand,2026-04-25,100,239827
ATM1009,Delhi,New Delhi,Bus Stand,2026-04-26,78,228685
ATM1009,Delhi,New Delhi,Bus Stand,2026-04-27,124,190562
ATM1009,Delhi,New Delhi,Bus Stand,2026-04-28,96,190408
ATM1009,Delhi,New Delhi,Bus Stand,2026-04-29,107,176682
ATM1009,Delhi,New Delhi,Bus Stand,2026-04-30,79,208633
ATM1009,Delhi,New Delhi,Bus Stand,2026-05-01,85,184259
ATM1009,Delhi,New Delhi,Bus Stand,2026-05-02,136,228443
ATM1009,Delhi,New Delhi,Bus Stand,2026-05-03,116,225369
ATM1009,Delhi,New Delhi,Bus Stand,2026-05-04,79,194072
ATM1009,Delhi,New Delhi,Bus Stand,2026-05-05,79,192204
ATM1009,Delhi,New Delhi,Bus Stand,2026-05-06,82,200667
ATM1009,Delhi,New Delhi,Bus Stand,2026-05-07,89,192634
ATM1009,Delhi,New Delhi,Bus Stand,2026-05-08,70,195316
ATM1009,Delhi,New Delhi,Bus Stand,2026-05-09,135,238512
ATM1009,Delhi,New Delhi,Bus Stand,2026-05-10,148,227921
ATM1009,Delhi,New Delhi,Bus Stand,2026-05-11,145,231246
ATM1009,Delhi,New Delhi,Bus Stand,2026-05-12,104,199211
ATM1009,Delhi,New Delhi,Bus Stand,2026-05-13,68,195896
ATM1009,Delhi,New Delhi,Bus Stand,2026-05-14,69,201267
ATM1009,Delhi,New Delhi,Bus Stand,2026-05-15,116,209546
ATM1009,Delhi,New Delhi,Bus Stand,2026-05-16,113,246325
ATM1009,Delhi,New Delhi,Bus Stand,2026-05-17,114,255405
ATM1009,Delhi,New Delhi,Bus Stand,2026-05-18,85,204194
ATM1009,Delhi,New Delhi,Bus Stand,2026-05-19,89,185500
ATM1009,Delhi,New Delhi,Bus Stand,2026-05-20,68,184307
ATM1009,Delhi,New Delhi,Bus Stand,2026-05-21,117,195776
ATM1009,Delhi,New Delhi,Bus Stand,2026-05-22,112,192020
ATM1009,Delhi,New Delhi,Bus Stand,2026-05-23,126,216719
ATM1009,Delhi,New Delhi,Bus Stand,2026-05-24,132,233625
ATM1009,Delhi,New Delhi,Bus Stand,2026-05-25,94,190488
ATM1010,Tamil Nadu,Madurai,Hospital,2026-04-16,145,425447
ATM1010,Tamil Nadu,Madurai,Hospital,2026-04-17,182,434267
ATM1010,Tamil Nadu,Madurai,Hospital,2026-04-18,217,527391
ATM1010,Tamil Nadu,Madurai,Hospital,2026-04-19,273,573583
ATM1010,Tamil Nadu,Madurai,Hospital,2026-04-20,157,447938
ATM1010,Tamil Nadu,Madurai,Hospital,2026-04-21,157,435729
ATM1010,Tamil Nadu,Madurai,Hospital,2026-04-22,190,435737
ATM1010,Tamil Nadu,Madurai,Hospital,2026-04-23,198,429485
ATM1010,Tamil Nadu,Madurai,Hospital,2026-04-24,171,436293
ATM1010,Tamil Nadu,Madurai,Hospital,2026-04-25,191,548506
ATM1010,Tamil Nadu,Madurai,Hospital,2026-04-26,221,574176
ATM1010,Tamil Nadu,Madurai,Hospital,2026-04-27,159,447311
ATM1010,Tamil Nadu,Madurai,Hospital,2026-04-28,177,417612
ATM1010,Tamil Nadu,Madurai,Hospital,2026-04-29,240,442550
ATM1010,Tamil Nadu,Madurai,Hospital,2026-04-30,254,429363
ATM1010,Tamil Nadu,Madurai,Hospital,2026-05-01,158,422084
ATM1010,Tamil Nadu,Madurai,Hospital,2026-05-02,191,542945
ATM1010,Tamil Nadu,Madurai,Hospital,2026-05-03,217,513992
ATM1010,Tamil Nadu,Madurai,Hospital,2026-05-04,261,413901
ATM1010,Tamil Nadu,Madurai,Hospital,2026-05-05,149,446019
ATM1010,Tamil Nadu,Madurai,Hospital,2026-05-06,254,440715
ATM1010,Tamil Nadu,Madurai,Hospital,2026-05-07,251,446384
ATM1010,Tamil Nadu,Madurai,Hospital,2026-05-08,237,429497
ATM1010,Tamil Nadu,Madurai,Hospital,2026-05-09,268,542397
ATM1010,Tamil Nadu,Madurai,Hospital,2026-05-10,181,539948
ATM1010,Tamil Nadu,Madurai,Hospital,2026-05-11,266,426927
ATM1010,Tamil Nadu,Madurai,Hospital,2026-05-12,194,420449
ATM1010,Tamil Nadu,Madurai,Hospital,2026-05-13,167,442020
ATM1010,Tamil Nadu,Madurai,Hospital,2026-05-14,192,417162
ATM1010,Tamil Nadu,Madurai,Hospital,2026-05-15,139,418730
ATM1010,Tamil Nadu,Madurai,Hospital,2026-05-16,222,533830
ATM1010,Tamil Nadu,Madurai,Hospital,2026-05-17,217,554742
ATM1010,Tamil Nadu,Madurai,Hospital,2026-05-18,145,405953
ATM1010,Tamil Nadu,Madurai,Hospital,2026-05-19,173,411626
ATM1010,Tamil Nadu,Madurai,Hospital,2026-05-20,209,428732
ATM1010,Tamil Nadu,Madurai,Hospital,2026-05-21,285,434243
ATM1010,Tamil Nadu,Madurai,Hospital,2026-05-22,173,429940
ATM1010,Tamil Nadu,Madurai,Hospital,2026-05-23,340,548305
ATM1010,Tamil Nadu,Madurai,Hospital,2026-05-24,283,531350
ATM1010,Tamil Nadu,Madurai,Hospital,2026-05-25,188,407690
ATM1011,Delhi,New Delhi,IT Park,2026-04-16,102,190341
ATM1011,Delhi,New Delhi,IT Park,2026-04-17,119,181351
ATM1011,Delhi,New Delhi,IT Park,2026-04-18,129,241884
ATM1011,Delhi,New Delhi,IT Park,2026-04-19,77,215692
ATM1011,Delhi,New Delhi,IT Park,2026-04-20,70,185747
ATM1011,Delhi,New Delhi,IT Park,2026-04-21,94,193852
ATM1011,Delhi,New Delhi,IT Park,2026-04-22,69,171846
ATM1011,Delhi,New Delhi,IT Park,2026-04-23,76,200498
ATM1011,Delhi,New Delhi,IT Park,2026-04-24,119,195191
ATM1011,Delhi,New Delhi,IT Park,2026-04-25,77,228463
ATM1011,Delhi,New Delhi,IT Park,2026-04-26,75,223110
ATM1011,Delhi,New Delhi,IT Park,2026-04-27,129,218536
ATM1011,Delhi,New Delhi,IT Park,2026-04-28,130,216297
ATM1011,Delhi,New Delhi,IT Park,2026-04-29,82,177393
ATM1011,Delhi,New Delhi,IT Park,2026-04-30,64,182670
ATM1011,Delhi,New Delhi,IT Park,2026-05-01,109,206254
ATM1011,Delhi,New Delhi,IT Park,2026-05-02,89,222789
ATM1011,Delhi,New Delhi,IT Park,2026-05-03,120,224551
ATM1011,Delhi,New Delhi,IT Park,2026-05-04,87,188228
ATM1011,Delhi,New Delhi,IT Park,2026-05-05,64,179184
ATM1011,Delhi,New Delhi,IT Park,2026-05-06,74,188537
ATM1011,Delhi,New Delhi,IT Park,2026-05-07,113,194993
ATM1011,Delhi,New Delhi,IT Park,2026-05-08,121,208163
ATM1011,Delhi,New Delhi,IT Park,2026-05-09,94,228090
ATM1011,Delhi,New Delhi,IT Park,2026-05-10,92,238058
ATM1011,Delhi,New Delhi,IT Park,2026-05-11,107,185088
ATM1011,Delhi,New Delhi,IT Park,2026-05-12,84,174213
ATM1011,Delhi,New Delhi,IT Park,2026-05-13,105,212441
ATM1011,Delhi,New Delhi,IT Park,2026-05-14,79,200529
ATM1011,Delhi,New Delhi,IT Park,2026-05-15,108,202402
ATM1011,Delhi,New Delhi,IT Park,2026-05-16,99,250412
ATM1011,Delhi,New Delhi,IT Park,2026-05-17,121,210479
ATM1011,Delhi,New Delhi,IT Park,2026-05-18,63,176186
ATM1011,Delhi,New Delhi,IT Park,2026-05-19,127,207817
ATM1011,Delhi,New Delhi,IT Park,2026-05-20,67,163479
ATM1011,Delhi,New Delhi,IT Park,2026-05-21,96,164961
ATM1011,Delhi,New Delhi,IT Park,2026-05-22,101,201026
ATM1011,Delhi,New Delhi,IT Park,2026-05-23,151,240803
ATM1011,Delhi,New Delhi,IT Park,2026-05-24,104,213987
ATM1011,Delhi,New Delhi,IT Park,2026-05-25,121,215880
ATM1012,Karnataka,Mangalore,College Campus,2026-04-16,120,216898
ATM1012,Karnataka,Mangalore,College Campus,2026-04-17,66,195026
ATM1012,Karnataka,Mangalore,College Campus,2026-04-18,80,241065
ATM1012,Karnataka,Mangalore,College Campus,2026-04-19,129,245210
ATM1012,Karnataka,Mangalore,College Campus,2026-04-20,56,167199
ATM1012,Karnataka,Mangalore,College Campus,2026-04-21,92,182071
ATM1012,Karnataka,Mangalore,College Campus,2026-04-22,70,203126
ATM1012,Karnataka,Mangalore,College Campus,2026-04-23,77,192062
ATM1012,Karnataka,Mangalore,College Campus,2026-04-24,97,187654
ATM1012,Karnataka,Mangalore,College Campus,2026-04-25,98,262803
ATM1012,Karnataka,Mangalore,College Campus,2026-04-26,96,282992
ATM1012,Karnataka,Mangalore,College Campus,2026-04-27,99,224251
ATM1012,Karnataka,Mangalore,College Campus,2026-04-28,107,224456
ATM1012,Karnataka,Mangalore,College Campus,2026-04-29,68,169746
ATM1012,Karnataka,Mangalore,College Campus,2026-04-30,89,213366
ATM1012,Karnataka,Mangalore,College Campus,2026-05-01,100,192801
ATM1012,Karnataka,Mangalore,College Campus,2026-05-02,87,244325
ATM1012,Karnataka,Mangalore,College Campus,2026-05-03,119,222623
ATM1012,Karnataka,Mangalore,College Campus,2026-05-04,88,220494
ATM1012,Karnataka,Mangalore,College Campus,2026-05-05,75,218978
ATM1012,Karnataka,Mangalore,College Campus,2026-05-06,80,201958
ATM1012,Karnataka,Mangalore,College Campus,2026-05-07,78,205203
ATM1012,Karnataka,Mangalore,College Campus,2026-05-08,80,181242
ATM1012,Karnataka,Mangalore,College Campus,2026-05-09,105,259047
ATM1012,Karnataka,Mangalore,College Campus,2026-05-10,101,276139
ATM1012,Karnataka,Mangalore,College Campus,2026-05-11,94,196754
ATM1012,Karnataka,Mangalore,College Campus,2026-05-12,71,194494
ATM1012,Karnataka,Mangalore,College Campus,2026-05-13,68,188929
ATM1012,Karnataka,Mangalore,College Campus,2026-05-14,67,200359
ATM1012,Karnataka,Mangalore,College Campus,2026-05-15,78,172391
ATM1012,Karnataka,Mangalore,College Campus,2026-05-16,123,285842
ATM1012,Karnataka,Mangalore,College Campus,2026-05-17,108,261321
ATM1012,Karnataka,Mangalore,College Campus,2026-05-18,89,201265
ATM1012,Karnataka,Mangalore,College Campus,2026-05-19,72,168538
ATM1012,Karnataka,Mangalore,College Campus,2026-05-20,67,181158
ATM1012,Karnataka,Mangalore,College Campus,2026-05-21,98,189167
ATM1012,Karnataka,Mangalore,College Campus,2026-05-22,79,191980
ATM1012,Karnataka,Mangalore,College Campus,2026-05-23,133,238870
ATM1012,Karnataka,Mangalore,College Campus,2026-05-24,94,250754
ATM1012,Karnataka,Mangalore,College Campus,2026-05-25,108,203326
ATM1013,Tamil Nadu,Coimbatore,Residential Area,2026-04-16,124,297763
ATM1013,Tamil Nadu,Coimbatore,Residential Area,2026-04-17,96,279147
ATM1013,Tamil Nadu,Coimbatore,Residential Area,2026-04-18,125,343188
ATM1013,Tamil Nadu,Coimbatore,Residential Area,2026-04-19,122,329627
ATM1013,Tamil Nadu,Coimbatore,Residential Area,2026-04-20,100,284708
ATM1013,Tamil Nadu,Coimbatore,Residential Area,2026-04-21,148,298371
ATM1013,Tamil Nadu,Coimbatore,Residential Area,2026-04-22,170,283625
ATM1013,Tamil Nadu,Coimbatore,Residential Area,2026-04-23,195,310264
ATM1013,Tamil Nadu,Coimbatore,Residential Area,2026-04-24,102,259328
ATM1013,Tamil Nadu,Coimbatore,Residential Area,2026-04-25,168,351012
ATM1013,Tamil Nadu,Coimbatore,Residential Area,2026-04-26,201,353801
ATM1013,Tamil Nadu,Coimbatore,Residential Area,2026-04-27,126,268097
ATM1013,Tamil Nadu,Coimbatore,Residential Area,2026-04-28,102,253546
ATM1013,Tamil Nadu,Coimbatore,Residential Area,2026-04-29,116,265198
ATM1013,Tamil Nadu,Coimbatore,Residential Area,2026-04-30,107,292271
ATM1013,Tamil Nadu,Coimbatore,Residential Area,2026-05-01,113,300202
ATM1013,Tamil Nadu,Coimbatore,Residential Area,2026-05-02,160,358677
ATM1013,Tamil Nadu,Coimbatore,Residential Area,2026-05-03,179,358052
ATM1013,Tamil Nadu,Coimbatore,Residential Area,2026-05-04,143,285456
ATM1013,Tamil Nadu,Coimbatore,Residential Area,2026-05-05,151,288551
ATM1013,Tamil Nadu,Coimbatore,Residential Area,2026-05-06,109,303052
ATM1013,Tamil Nadu,Coimbatore,Residential Area,2026-05-07,161,284183
ATM1013,Tamil Nadu,Coimbatore,Residential Area,2026-05-08,116,295640
ATM1013,Tamil Nadu,Coimbatore,Residential Area,2026-05-09,123,339189
ATM1013,Tamil Nadu,Coimbatore,Residential Area,2026-05-10,124,335099
ATM1013,Tamil Nadu,Coimbatore,Residential Area,2026-05-11,165,269162
ATM1013,Tamil Nadu,Coimbatore,Residential Area,2026-05-12,107,283077
ATM1013,Tamil Nadu,Coimbatore,Residential Area,2026-05-13,104,282946
ATM1013,Tamil Nadu,Coimbatore,Residential Area,2026-05-14,150,286485
ATM1013,Tamil Nadu,Coimbatore,Residential Area,2026-05-15,123,297496
ATM1013,Tamil Nadu,Coimbatore,Residential Area,2026-05-16,181,337840
ATM1013,Tamil Nadu,Coimbatore,Residential Area,2026-05-17,121,338703
ATM1013,Tamil Nadu,Coimbatore,Residential Area,2026-05-18,94,266192
ATM1013,Tamil Nadu,Coimbatore,Residential Area,2026-05-19,105,274540
ATM1013,Tamil Nadu,Coimbatore,Residential Area,2026-05-20,99,286298
ATM1013,Tamil Nadu,Coimbatore,Residential Area,2026-05-21,138,268830
ATM1013,Tamil Nadu,Coimbatore,Residential Area,2026-05-22,161,259738
ATM1013,Tamil Nadu,Coimbatore,Residential Area,2026-05-23,119,354213
ATM1013,Tamil Nadu,Coimbatore,Residential Area,2026-05-24,145,369367
ATM1013,Tamil Nadu,Coimbatore,Residential Area,2026-05-25,108,278568
ATM1014,Delhi,New Delhi,Residential Area,2026-04-16,46,126813
ATM1014,Delhi,New Delhi,Residential Area,2026-04-17,56,148962
ATM1014,Delhi,New Delhi,Residential Area,2026-04-18,107,190117
ATM1014,Delhi,New Delhi,Residential Area,2026-04-19,128,194806
ATM1014,Delhi,New Delhi,Residential Area,2026-04-20,71,194008
ATM1014,Delhi,New Delhi,Residential Area,2026-04-21,79,154319
ATM1014,Delhi,New Delhi,Residential Area,2026-04-22,70,150215
ATM1014,Delhi,New Delhi,Residential Area,2026-04-23,89,163256
ATM1014,Delhi,New Delhi,Residential Area,2026-04-24,78,158878
ATM1014,Delhi,New Delhi,Residential Area,2026-04-25,81,187266
ATM1014,Delhi,New Delhi,Residential Area,2026-04-26,107,208031
ATM1014,Delhi,New Delhi,Residential Area,2026-04-27,92,140403
ATM1014,Delhi,New Delhi,Residential Area,2026-04-28,74,147634
ATM1014,Delhi,New Delhi,Residential Area,2026-04-29,61,147577
ATM1014,Delhi,New Delhi,Residential Area,2026-04-30,61,168026
ATM1014,Delhi,New Delhi,Residential Area,2026-05-01,55,151168
ATM1014,Delhi,New Delhi,Residential Area,2026-05-02,83,187942
ATM1014,Delhi,New Delhi,Residential Area,2026-05-03,72,179420
ATM1014,Delhi,New Delhi,Residential Area,2026-05-04,51,148110
ATM1014,Delhi,New Delhi,Residential Area,2026-05-05,95,159869
ATM1014,Delhi,New Delhi,Residential Area,2026-05-06,87,163843
ATM1014,Delhi,New Delhi,Residential Area,2026-05-07,99,158086
ATM1014,Delhi,New Delhi,Residential Area,2026-05-08,57,152690
ATM1014,Delhi,New Delhi,Residential Area,2026-05-09,79,182177
ATM1014,Delhi,New Delhi,Residential Area,2026-05-10,104,168446
ATM1014,Delhi,New Delhi,Residential Area,2026-05-11,54,157753
ATM1014,Delhi,New Delhi,Residential Area,2026-05-12,59,165798
ATM1014,Delhi,New Delhi,Residential Area,2026-05-13,75,166202
ATM1014,Delhi,New Delhi,Residential Area,2026-05-14,77,150538
ATM1014,Delhi,New Delhi,Residential Area,2026-05-15,59,161965
ATM1014,Delhi,New Delhi,Residential Area,2026-05-16,109,186119
ATM1014,Delhi,New Delhi,Residential Area,2026-05-17,63,182345
ATM1014,Delhi,New Delhi,Residential Area,2026-05-18,76,144831
ATM1014,Delhi,New Delhi,Residential Area,2026-05-19,69,163046
ATM1014,Delhi,New Delhi,Residential Area,2026-05-20,54,137536
ATM1014,Delhi,New Delhi,Residential Area,2026-05-21,69,181535
ATM1014,Delhi,New Delhi,Residential Area,2026-05-22,57,143252
ATM1014,Delhi,New Delhi,Residential Area,2026-05-23,68,178634
ATM1014,Delhi,New Delhi,Residential Area,2026-05-24,110,196068
ATM1014,Delhi,New Delhi,Residential Area,2026-05-25,55,138920
ATM1015,Delhi,New Delhi,College Campus,2026-04-16,78,146653
ATM1015,Delhi,New Delhi,College Campus,2026-04-17,51,140109
ATM1015,Delhi,New Delhi,College Campus,2026-04-18,57,161214
ATM1015,Delhi,New Delhi,College Campus,2026-04-19,92,144753
ATM1015,Delhi,New Delhi,College Campus,2026-04-20,69,127991
ATM1015,Delhi,New Delhi,College Campus,2026-04-21,73,123610
ATM1015,Delhi,New Delhi,College Campus,2026-04-22,80,137362
ATM1015,Delhi,New Delhi,College Campus,2026-04-23,76,155662
ATM1015,Delhi,New Delhi,College Campus,2026-04-24,48,138037
ATM1015,Delhi,New Delhi,College Campus,2026-04-25,100,170599
ATM1015,Delhi,New Delhi,College Campus,2026-04-26,65,182616
ATM1015,Delhi,New Delhi,College Campus,2026-04-27,62,126325
ATM1015,Delhi,New Delhi,College Campus,2026-04-28,59,128970
ATM1015,Delhi,New Delhi,College Campus,2026-04-29,44,119099
ATM1015,Delhi,New Delhi,College Campus,2026-04-30,67,128661
ATM1015,Delhi,New Delhi,College Campus,2026-05-01,45,102010
ATM1015,Delhi,New Delhi,College Campus,2026-05-02,70,152183
ATM1015,Delhi,New Delhi,College Campus,2026-05-03,70,194741
ATM1015,Delhi,New Delhi,College Campus,2026-05-04,60,143244
ATM1015,Delhi,New Delhi,College Campus,2026-05-05,52,126393
ATM1015,Delhi,New Delhi,College Campus,2026-05-06,72,124688
ATM1015,Delhi,New Delhi,College Campus,2026-05-07,85,152741
ATM1015,Delhi,New Delhi,College Campus,2026-05-08,70,130137
ATM1015,Delhi,New Delhi,College Campus,2026-05-09,87,179368
ATM1015,Delhi,New Delhi,College Campus,2026-05-10,98,147845
ATM1015,Delhi,New Delhi,College Campus,2026-05-11,57,124600
ATM1015,Delhi,New Delhi,College Campus,2026-05-12,46,131472
ATM1015,Delhi,New Delhi,College Campus,2026-05-13,59,157746
ATM1015,Delhi,New Delhi,College Campus,2026-05-14,67,136322
ATM1015,Delhi,New Delhi,College Campus,2026-05-15,50,139217
ATM1015,Delhi,New Delhi,College Campus,2026-05-16,61,157721
ATM1015,Delhi,New Delhi,College Campus,2026-05-17,111,182862
ATM1015,Delhi,New Delhi,College Campus,2026-05-18,63,149698
ATM1015,Delhi,New Delhi,College Campus,2026-05-19,71,126269
ATM1015,Delhi,New Delhi,College Campus,2026-05-20,63,146772
ATM1015,Delhi,New Delhi,College Campus,2026-05-21,57,152591
ATM1015,Delhi,New Delhi,College Campus,2026-05-22,44,124062
ATM1015,Delhi,New Delhi,College Campus,2026-05-23,69,195432
ATM1015,Delhi,New Delhi,College Campus,2026-05-24,90,178530
ATM1015,Delhi,New Delhi,College Campus,2026-05-25,67,117512
ATM1016,Telangana,Warangal,Market Area,2026-04-16,178,426128
ATM1016,Telangana,Warangal,Market Area,2026-04-17,163,440892
ATM1016,Telangana,Warangal,Market Area,2026-04-18,215,566060
ATM1016,Telangana,Warangal,Market Area,2026-04-19,234,537199
ATM1016,Telangana,Warangal,Market Area,2026-04-20,238,442809
ATM1016,Telangana,Warangal,Market Area,2026-04-21,211,454948
ATM1016,Telangana,Warangal,Market Area,2026-04-22,220,430664
ATM1016,Telangana,Warangal,Market Area,2026-04-23,157,435406
ATM1016,Telangana,Warangal,Market Area,2026-04-24,183,435282
ATM1016,Telangana,Warangal,Market Area,2026-04-25,195,547681
ATM1016,Telangana,Warangal,Market Area,2026-04-26,310,566563
ATM1016,Telangana,Warangal,Market Area,2026-04-27,256,454334
ATM1016,Telangana,Warangal,Market Area,2026-04-28,194,430498
ATM1016,Telangana,Warangal,Market Area,2026-04-29,188,465376
ATM1016,Telangana,Warangal,Market Area,2026-04-30,173,441141
ATM1016,Telangana,Warangal,Market Area,2026-05-01,286,459088
ATM1016,Telangana,Warangal,Market Area,2026-05-02,291,567503
ATM1016,Telangana,Warangal,Market Area,2026-05-03,248,555969
ATM1016,Telangana,Warangal,Market Area,2026-05-04,265,444817
ATM1016,Telangana,Warangal,Market Area,2026-05-05,243,444843
ATM1016,Telangana,Warangal,Market Area,2026-05-06,234,441104
ATM1016,Telangana,Warangal,Market Area,2026-05-07,175,454252
ATM1016,Telangana,Warangal,Market Area,2026-05-08,253,438233
ATM1016,Telangana,Warangal,Market Area,2026-05-09,326,547921
ATM1016,Telangana,Warangal,Market Area,2026-05-10,204,575424
ATM1016,Telangana,Warangal,Market Area,2026-05-11,175,448958
ATM1016,Telangana,Warangal,Market Area,2026-05-12,276,444494
ATM1016,Telangana,Warangal,Market Area,2026-05-13,172,450630
ATM1016,Telangana,Warangal,Market Area,2026-05-14,216,444155
ATM1016,Telangana,Warangal,Market Area,2026-05-15,151,453926
ATM1016,Telangana,Warangal,Market Area,2026-05-16,220,562638
ATM1016,Telangana,Warangal,Market Area,2026-05-17,337,553971
ATM1016,Telangana,Warangal,Market Area,2026-05-18,205,461182
ATM1016,Telangana,Warangal,Market Area,2026-05-19,197,463230
ATM1016,Telangana,Warangal,Market Area,2026-05-20,163,437761
ATM1016,Telangana,Warangal,Market Area,2026-05-21,166,438717
ATM1016,Telangana,Warangal,Market Area,2026-05-22,174,436188
ATM1016,Telangana,Warangal,Market Area,2026-05-23,231,560499
ATM1016,Telangana,Warangal,Market Area,2026-05-24,262,549485
ATM1016,Telangana,Warangal,Market Area,2026-05-25,191,462843
ATM1017,Telangana,Hyderabad,Residential Area,2026-04-16,63,154147
ATM1017,Telangana,Hyderabad,Residential Area,2026-04-17,45,122346
ATM1017,Telangana,Hyderabad,Residential Area,2026-04-18,106,192373
ATM1017,Telangana,Hyderabad,Residential Area,2026-04-19,78,174763
ATM1017,Telangana,Hyderabad,Residential Area,2026-04-20,62,146003
ATM1017,Telangana,Hyderabad,Residential Area,2026-04-21,49,128183
ATM1017,Telangana,Hyderabad,Residential Area,2026-04-22,97,151829
ATM1017,Telangana,Hyderabad,Residential Area,2026-04-23,78,133472
ATM1017,Telangana,Hyderabad,Residential Area,2026-04-24,63,157887
ATM1017,Telangana,Hyderabad,Residential Area,2026-04-25,115,173894
ATM1017,Telangana,Hyderabad,Residential Area,2026-04-26,67,198662
ATM1017,Telangana,Hyderabad,Residential Area,2026-04-27,84,143619
ATM1017,Telangana,Hyderabad,Residential Area,2026-04-28,99,164525
ATM1017,Telangana,Hyderabad,Residential Area,2026-04-29,71,132503
ATM1017,Telangana,Hyderabad,Residential Area,2026-04-30,50,131305
ATM1017,Telangana,Hyderabad,Residential Area,2026-05-01,56,140696
ATM1017,Telangana,Hyderabad,Residential Area,2026-05-02,84,205960
ATM1017,Telangana,Hyderabad,Residential Area,2026-05-03,101,185508
ATM1017,Telangana,Hyderabad,Residential Area,2026-05-04,75,122183
ATM1017,Telangana,Hyderabad,Residential Area,2026-05-05,64,144712
ATM1017,Telangana,Hyderabad,Residential Area,2026-05-06,48,117412
ATM1017,Telangana,Hyderabad,Residential Area,2026-05-07,56,124916
ATM1017,Telangana,Hyderabad,Residential Area,2026-05-08,100,155046
ATM1017,Telangana,Hyderabad,Residential Area,2026-05-09,73,195317
ATM1017,Telangana,Hyderabad,Residential Area,2026-05-10,90,184861
ATM1017,Telangana,Hyderabad,Residential Area,2026-05-11,74,148155
ATM1017,Telangana,Hyderabad,Residential Area,2026-05-12,67,165966
ATM1017,Telangana,Hyderabad,Residential Area,2026-05-13,46,133621
ATM1017,Telangana,Hyderabad,Residential Area,2026-05-14,63,111524
ATM1017,Telangana,Hyderabad,Residential Area,2026-05-15,48,117670
ATM1017,Telangana,Hyderabad,Residential Area,2026-05-16,64,161242
ATM1017,Telangana,Hyderabad,Residential Area,2026-05-17,66,177737
ATM1017,Telangana,Hyderabad,Residential Area,2026-05-18,83,151315
ATM1017,Telangana,Hyderabad,Residential Area,2026-05-19,46,128267
ATM1017,Telangana,Hyderabad,Residential Area,2026-05-20,67,112711
ATM1017,Telangana,Hyderabad,Residential Area,2026-05-21,67,143837
ATM1017,Telangana,Hyderabad,Residential Area,2026-05-22,54,121536
ATM1017,Telangana,Hyderabad,Residential Area,2026-05-23,97,189913
ATM1017,Telangana,Hyderabad,Residential Area,2026-05-24,70,165500
ATM1017,Telangana,Hyderabad,Residential Area,2026-05-25,64,158835
ATM1018,Karnataka,Mangalore,Railway Station,2026-04-16,77,210523
ATM1018,Karnataka,Mangalore,Railway Station,2026-04-17,126,213514
ATM1018,Karnataka,Mangalore,Railway Station,2026-04-18,106,231409
ATM1018,Karnataka,Mangalore,Railway Station,2026-04-19,131,261603
ATM1018,Karnataka,Mangalore,Railway Station,2026-04-20,113,243264
ATM1018,Karnataka,Mangalore,Railway Station,2026-04-21,82,202133
ATM1018,Karnataka,Mangalore,Railway Station,2026-04-22,108,210787
ATM1018,Karnataka,Mangalore,Railway Station,2026-04-23,75,188065
ATM1018,Karnataka,Mangalore,Railway Station,2026-04-24,91,204771
ATM1018,Karnataka,Mangalore,Railway Station,2026-04-25,134,256660
ATM1018,Karnataka,Mangalore,Railway Station,2026-04-26,140,270204
ATM1018,Karnataka,Mangalore,Railway Station,2026-04-27,92,221865
ATM1018,Karnataka,Mangalore,Railway Station,2026-04-28,63,181657
ATM1018,Karnataka,Mangalore,Railway Station,2026-04-29,62,179216
ATM1018,Karnataka,Mangalore,Railway Station,2026-04-30,103,203344
ATM1018,Karnataka,Mangalore,Railway Station,2026-05-01,70,203759
ATM1018,Karnataka,Mangalore,Railway Station,2026-05-02,95,255907
ATM1018,Karnataka,Mangalore,Railway Station,2026-05-03,111,256584
ATM1018,Karnataka,Mangalore,Railway Station,2026-05-04,113,237109
ATM1018,Karnataka,Mangalore,Railway Station,2026-05-05,128,213535
ATM1018,Karnataka,Mangalore,Railway Station,2026-05-06,86,214059
ATM1018,Karnataka,Mangalore,Railway Station,2026-05-07,104,200680
ATM1018,Karnataka,Mangalore,Railway Station,2026-05-08,104,209459
ATM1018,Karnataka,Mangalore,Railway Station,2026-05-09,147,271951
ATM1018,Karnataka,Mangalore,Railway Station,2026-05-10,102,274209
ATM1018,Karnataka,Mangalore,Railway Station,2026-05-11,92,208936
ATM1018,Karnataka,Mangalore,Railway Station,2026-05-12,115,179349
ATM1018,Karnataka,Mangalore,Railway Station,2026-05-13,83,203074
ATM1018,Karnataka,Mangalore,Railway Station,2026-05-14,82,220671
ATM1018,Karnataka,Mangalore,Railway Station,2026-05-15,83,199787
ATM1018,Karnataka,Mangalore,Railway Station,2026-05-16,82,237891
ATM1018,Karnataka,Mangalore,Railway Station,2026-05-17,135,244071
ATM1018,Karnataka,Mangalore,Railway Station,2026-05-18,124,203652
ATM1018,Karnataka,Mangalore,Railway Station,2026-05-19,141,225406
ATM1018,Karnataka,Mangalore,Railway Station,2026-05-20,67,197548
ATM1018,Karnataka,Mangalore,Railway Station,2026-05-21,113,194551
ATM1018,Karnataka,Mangalore,Railway Station,2026-05-22,81,206752
ATM1018,Karnataka,Mangalore,Railway Station,2026-05-23,146,269925
ATM1018,Karnataka,Mangalore,Railway Station,2026-05-24,117,245778
ATM1018,Karnataka,Mangalore,Railway Station,2026-05-25,70,177908
ATM1019,Tamil Nadu,Chennai,Railway Station,2026-04-16,59,118475
ATM1019,Tamil Nadu,Chennai,Railway Station,2026-04-17,56,139325
ATM1019,Tamil Nadu,Chennai,Railway Station,2026-04-18,63,170507
ATM1019,Tamil Nadu,Chennai,Railway Station,2026-04-19,68,174955
ATM1019,Tamil Nadu,Chennai,Railway Station,2026-04-20,47,127761
ATM1019,Tamil Nadu,Chennai,Railway Station,2026-04-21,39,110468
ATM1019,Tamil Nadu,Chennai,Railway Station,2026-04-22,72,151234
ATM1019,Tamil Nadu,Chennai,Railway Station,2026-04-23,89,150561
ATM1019,Tamil Nadu,Chennai,Railway Station,2026-04-24,46,125645
ATM1019,Tamil Nadu,Chennai,Railway Station,2026-04-25,111,176201
ATM1019,Tamil Nadu,Chennai,Railway Station,2026-04-26,65,164475
ATM1019,Tamil Nadu,Chennai,Railway Station,2026-04-27,77,145457
ATM1019,Tamil Nadu,Chennai,Railway Station,2026-04-28,59,176697
ATM1019,Tamil Nadu,Chennai,Railway Station,2026-04-29,69,135833
ATM1019,Tamil Nadu,Chennai,Railway Station,2026-04-30,88,149720
ATM1019,Tamil Nadu,Chennai,Railway Station,2026-05-01,62,152593
ATM1019,Tamil Nadu,Chennai,Railway Station,2026-05-02,60,160063
ATM1019,Tamil Nadu,Chennai,Railway Station,2026-05-03,88,156083
ATM1019,Tamil Nadu,Chennai,Railway Station,2026-05-04,91,142268
ATM1019,Tamil Nadu,Chennai,Railway Station,2026-05-05,52,146241
ATM1019,Tamil Nadu,Chennai,Railway Station,2026-05-06,46,136512
ATM1019,Tamil Nadu,Chennai,Railway Station,2026-05-07,69,140534
ATM1019,Tamil Nadu,Chennai,Railway Station,2026-05-08,80,153857
ATM1019,Tamil Nadu,Chennai,Railway Station,2026-05-09,98,175630
ATM1019,Tamil Nadu,Chennai,Railway Station,2026-05-10,96,160764
ATM1019,Tamil Nadu,Chennai,Railway Station,2026-05-11,54,161869
ATM1019,Tamil Nadu,Chennai,Railway Station,2026-05-12,49,120883
ATM1019,Tamil Nadu,Chennai,Railway Station,2026-05-13,53,146632
ATM1019,Tamil Nadu,Chennai,Railway Station,2026-05-14,56,130616
ATM1019,Tamil Nadu,Chennai,Railway Station,2026-05-15,77,129828
ATM1019,Tamil Nadu,Chennai,Railway Station,2026-05-16,96,196119
ATM1019,Tamil Nadu,Chennai,Railway Station,2026-05-17,91,177774
ATM1019,Tamil Nadu,Chennai,Railway Station,2026-05-18,39,112344
ATM1019,Tamil Nadu,Chennai,Railway Station,2026-05-19,51,119643
ATM1019,Tamil Nadu,Chennai,Railway Station,2026-05-20,56,129033
ATM1019,Tamil Nadu,Chennai,Railway Station,2026-05-21,67,148301
ATM1019,Tamil Nadu,Chennai,Railway Station,2026-05-22,55,153959
ATM1019,Tamil Nadu,Chennai,Railway Station,2026-05-23,70,162504
ATM1019,Tamil Nadu,Chennai,Railway Station,2026-05-24,56,146897
ATM1019,Tamil Nadu,Chennai,Railway Station,2026-05-25,88,155670
ATM1020,Kerala,Kochi,Bus Stand,2026-04-16,213,431973
ATM1020,Kerala,Kochi,Bus Stand,2026-04-17,159,440289
ATM1020,Kerala,Kochi,Bus Stand,2026-04-18,220,538793
ATM1020,Kerala,Kochi,Bus Stand,2026-04-19,210,556312
ATM1020,Kerala,Kochi,Bus Stand,2026-04-20,195,446411
ATM1020,Kerala,Kochi,Bus Stand,2026-04-21,209,423248
ATM1020,Kerala,Kochi,Bus Stand,2026-04-22,197,412061
ATM1020,Kerala,Kochi,Bus Stand,2026-04-23,204,437232
ATM1020,Kerala,Kochi,Bus Stand,2026-04-24,202,409150
ATM1020,Kerala,Kochi,Bus Stand,2026-04-25,195,547450
ATM1020,Kerala,Kochi,Bus Stand,2026-04-26,190,537503
ATM1020,Kerala,Kochi,Bus Stand,2026-04-27,245,427198
ATM1020,Kerala,Kochi,Bus Stand,2026-04-28,203,451403
ATM1020,Kerala,Kochi,Bus Stand,2026-04-29,162,432349
ATM1020,Kerala,Kochi,Bus Stand,2026-04-30,200,415470
ATM1020,Kerala,Kochi,Bus Stand,2026-05-01,224,434719
ATM1020,Kerala,Kochi,Bus Stand,2026-05-02,258,539718
ATM1020,Kerala,Kochi,Bus Stand,2026-05-03,189,504216
ATM1020,Kerala,Kochi,Bus Stand,2026-05-04,146,417640
ATM1020,Kerala,Kochi,Bus Stand,2026-05-05,234,419922
ATM1020,Kerala,Kochi,Bus Stand,2026-05-06,211,423393
ATM1020,Kerala,Kochi,Bus Stand,2026-05-07,242,395785
ATM1020,Kerala,Kochi,Bus Stand,2026-05-08,144,432297
ATM1020,Kerala,Kochi,Bus Stand,2026-05-09,196,551794
ATM1020,Kerala,Kochi,Bus Stand,2026-05-10,298,547264
ATM1020,Kerala,Kochi,Bus Stand,2026-05-11,290,440104
ATM1020,Kerala,Kochi,Bus Stand,2026-05-12,257,440162
ATM1020,Kerala,Kochi,Bus Stand,2026-05-13,250,426817
ATM1020,Kerala,Kochi,Bus Stand,2026-05-14,200,418818
ATM1020,Kerala,Kochi,Bus Stand,2026-05-15,151,423812
ATM1020,Kerala,Kochi,Bus Stand,2026-05-16,203,533201
ATM1020,Kerala,Kochi,Bus Stand,2026-05-17,279,532399
ATM1020,Kerala,Kochi,Bus Stand,2026-05-18,149,425349
ATM1020,Kerala,Kochi,Bus Stand,2026-05-19,172,475561
ATM1020,Kerala,Kochi,Bus Stand,2026-05-20,144,415971
ATM1020,Kerala,Kochi,Bus Stand,2026-05-21,152,429968
ATM1020,Kerala,Kochi,Bus Stand,2026-05-22,266,428537
ATM1020,Kerala,Kochi,Bus Stand,2026-05-23,185,549086
ATM1020,Kerala,Kochi,Bus Stand,2026-05-24,267,539009
ATM1020,Kerala,Kochi,Bus Stand,2026-05-25,247,435622
ATM1021,Gujarat,Surat,Market Area,2026-04-16,59,173640
ATM1021,Gujarat,Surat,Market Area,2026-04-17,96,177293
ATM1021,Gujarat,Surat,Market Area,2026-04-18,125,236817
ATM1021,Gujarat,Surat,Market Area,2026-04-19,93,253503
ATM1021,Gujarat,Surat,Market Area,2026-04-20,76,209654
ATM1021,Gujarat,Surat,Market Area,2026-04-21,97,202215
ATM1021,Gujarat,Surat,Market Area,2026-04-22,116,220531
ATM1021,Gujarat,Surat,Market Area,2026-04-23,107,198346
ATM1021,Gujarat,Surat,Market Area,2026-04-24,78,212464
ATM1021,Gujarat,Surat,Market Area,2026-04-25,110,257518
ATM1021,Gujarat,Surat,Market Area,2026-04-26,100,262384
ATM1021,Gujarat,Surat,Market Area,2026-04-27,115,207152
ATM1021,Gujarat,Surat,Market Area,2026-04-28,92,202380
ATM1021,Gujarat,Surat,Market Area,2026-04-29,121,221726
ATM1021,Gujarat,Surat,Market Area,2026-04-30,79,208657
ATM1021,Gujarat,Surat,Market Area,2026-05-01,77,225635
ATM1021,Gujarat,Surat,Market Area,2026-05-02,153,259622
ATM1021,Gujarat,Surat,Market Area,2026-05-03,129,254947
ATM1021,Gujarat,Surat,Market Area,2026-05-04,105,187677
ATM1021,Gujarat,Surat,Market Area,2026-05-05,107,213156
ATM1021,Gujarat,Surat,Market Area,2026-05-06,72,199718
ATM1021,Gujarat,Surat,Market Area,2026-05-07,68,182939
ATM1021,Gujarat,Surat,Market Area,2026-05-08,81,203243
ATM1021,Gujarat,Surat,Market Area,2026-05-09,102,269662
ATM1021,Gujarat,Surat,Market Area,2026-05-10,122,270878
ATM1021,Gujarat,Surat,Market Area,2026-05-11,91,216626
ATM1021,Gujarat,Surat,Market Area,2026-05-12,94,182280
ATM1021,Gujarat,Surat,Market Area,2026-05-13,74,196414
ATM1021,Gujarat,Surat,Market Area,2026-05-14,93,201177
ATM1021,Gujarat,Surat,Market Area,2026-05-15,131,197709
ATM1021,Gujarat,Surat,Market Area,2026-05-16,94,260830
ATM1021,Gujarat,Surat,Market Area,2026-05-17,82,213564
ATM1021,Gujarat,Surat,Market Area,2026-05-18,69,205046
ATM1021,Gujarat,Surat,Market Area,2026-05-19,76,183281
ATM1021,Gujarat,Surat,Market Area,2026-05-20,90,188558
ATM1021,Gujarat,Surat,Market Area,2026-05-21,75,169689
ATM1021,Gujarat,Surat,Market Area,2026-05-22,97,207264
ATM1021,Gujarat,Surat,Market Area,2026-05-23,140,262305
ATM1021,Gujarat,Surat,Market Area,2026-05-24,86,239632
ATM1021,Gujarat,Surat,Market Area,2026-05-25,128,199590
ATM1022,Maharashtra,Mumbai,Bus Stand,2026-04-16,119,340872
ATM1022,Maharashtra,Mumbai,Bus Stand,2026-04-17,142,327497
ATM1022,Maharashtra,Mumbai,Bus Stand,2026-04-18,269,438366
ATM1022,Maharashtra,Mumbai,Bus Stand,2026-04-19,185,419186
ATM1022,Maharashtra,Mumbai,Bus Stand,2026-04-20,162,311511
ATM1022,Maharashtra,Mumbai,Bus Stand,2026-04-21,118,312813
ATM1022,Maharashtra,Mumbai,Bus Stand,2026-04-22,140,338967
ATM1022,Maharashtra,Mumbai,Bus Stand,2026-04-23,148,333190
ATM1022,Maharashtra,Mumbai,Bus Stand,2026-04-24,163,296414
ATM1022,Maharashtra,Mumbai,Bus Stand,2026-04-25,222,404412
ATM1022,Maharashtra,Mumbai,Bus Stand,2026-04-26,209,410794
ATM1022,Maharashtra,Mumbai,Bus Stand,2026-04-27,151,339780
ATM1022,Maharashtra,Mumbai,Bus Stand,2026-04-28,119,313237
ATM1022,Maharashtra,Mumbai,Bus Stand,2026-04-29,145,347793
ATM1022,Maharashtra,Mumbai,Bus Stand,2026-04-30,120,321620
ATM1022,Maharashtra,Mumbai,Bus Stand,2026-05-01,104,308922
ATM1022,Maharashtra,Mumbai,Bus Stand,2026-05-02,154,418049
ATM1022,Maharashtra,Mumbai,Bus Stand,2026-05-03,204,431544
ATM1022,Maharashtra,Mumbai,Bus Stand,2026-05-04,110,318623
ATM1022,Maharashtra,Mumbai,Bus Stand,2026-05-05,194,335895
ATM1022,Maharashtra,Mumbai,Bus Stand,2026-05-06,177,320679
ATM1022,Maharashtra,Mumbai,Bus Stand,2026-05-07,137,358961
ATM1022,Maharashtra,Mumbai,Bus Stand,2026-05-08,129,347482
ATM1022,Maharashtra,Mumbai,Bus Stand,2026-05-09,168,439422
ATM1022,Maharashtra,Mumbai,Bus Stand,2026-05-10,203,412167
ATM1022,Maharashtra,Mumbai,Bus Stand,2026-05-11,120,325461
ATM1022,Maharashtra,Mumbai,Bus Stand,2026-05-12,109,320342
ATM1022,Maharashtra,Mumbai,Bus Stand,2026-05-13,157,316702
ATM1022,Maharashtra,Mumbai,Bus Stand,2026-05-14,197,337948
ATM1022,Maharashtra,Mumbai,Bus Stand,2026-05-15,167,321056
ATM1022,Maharashtra,Mumbai,Bus Stand,2026-05-16,139,416871
ATM1022,Maharashtra,Mumbai,Bus Stand,2026-05-17,257,410650
ATM1022,Maharashtra,Mumbai,Bus Stand,2026-05-18,157,354476
ATM1022,Maharashtra,Mumbai,Bus Stand,2026-05-19,118,344645
ATM1022,Maharashtra,Mumbai,Bus Stand,2026-05-20,130,319026
ATM1022,Maharashtra,Mumbai,Bus Stand,2026-05-21,150,334595
ATM1022,Maharashtra,Mumbai,Bus Stand,2026-05-22,116,336883
ATM1022,Maharashtra,Mumbai,Bus Stand,2026-05-23,154,439155
ATM1022,Maharashtra,Mumbai,Bus Stand,2026-05-24,266,412903
ATM1022,Maharashtra,Mumbai,Bus Stand,2026-05-25,107,318920
ATM1023,Kerala,Kochi,Petrol Bunk,2026-04-16,176,453945
ATM1023,Kerala,Kochi,Petrol Bunk,2026-04-17,206,477348
ATM1023,Kerala,Kochi,Petrol Bunk,2026-04-18,274,587651
ATM1023,Kerala,Kochi,Petrol Bunk,2026-04-19,213,558088
ATM1023,Kerala,Kochi,Petrol Bunk,2026-04-20,156,468861
ATM1023,Kerala,Kochi,Petrol Bunk,2026-04-21,214,466195
ATM1023,Kerala,Kochi,Petrol Bunk,2026-04-22,166,492557
ATM1023,Kerala,Kochi,Petrol Bunk,2026-04-23,211,464389
ATM1023,Kerala,Kochi,Petrol Bunk,2026-04-24,176,470973
ATM1023,Kerala,Kochi,Petrol Bunk,2026-04-25,312,582390
ATM1023,Kerala,Kochi,Petrol Bunk,2026-04-26,226,575512
ATM1023,Kerala,Kochi,Petrol Bunk,2026-04-27,166,479850
ATM1023,Kerala,Kochi,Petrol Bunk,2026-04-28,167,431458
ATM1023,Kerala,Kochi,Petrol Bunk,2026-04-29,173,451812
ATM1023,Kerala,Kochi,Petrol Bunk,2026-04-30,269,483109
ATM1023,Kerala,Kochi,Petrol Bunk,2026-05-01,243,442443
ATM1023,Kerala,Kochi,Petrol Bunk,2026-05-02,259,583907
ATM1023,Kerala,Kochi,Petrol Bunk,2026-05-03,281,571296
ATM1023,Kerala,Kochi,Petrol Bunk,2026-05-04,172,441865
ATM1023,Kerala,Kochi,Petrol Bunk,2026-05-05,180,452123
ATM1023,Kerala,Kochi,Petrol Bunk,2026-05-06,203,465599
ATM1023,Kerala,Kochi,Petrol Bunk,2026-05-07,245,449387
ATM1023,Kerala,Kochi,Petrol Bunk,2026-05-08,231,466537
ATM1023,Kerala,Kochi,Petrol Bunk,2026-05-09,307,554465
ATM1023,Kerala,Kochi,Petrol Bunk,2026-05-10,337,563436
ATM1023,Kerala,Kochi,Petrol Bunk,2026-05-11,295,457832
ATM1023,Kerala,Kochi,Petrol Bunk,2026-05-12,215,433785
ATM1023,Kerala,Kochi,Petrol Bunk,2026-05-13,163,453805
ATM1023,Kerala,Kochi,Petrol Bunk,2026-05-14,180,465594
ATM1023,Kerala,Kochi,Petrol Bunk,2026-05-15,238,441085
ATM1023,Kerala,Kochi,Petrol Bunk,2026-05-16,204,564146
ATM1023,Kerala,Kochi,Petrol Bunk,2026-05-17,244,581676
ATM1023,Kerala,Kochi,Petrol Bunk,2026-05-18,148,441380
ATM1023,Kerala,Kochi,Petrol Bunk,2026-05-19,257,487729
ATM1023,Kerala,Kochi,Petrol Bunk,2026-05-20,242,451123
ATM1023,Kerala,Kochi,Petrol Bunk,2026-05-21,212,472642
ATM1023,Kerala,Kochi,Petrol Bunk,2026-05-22,169,440768
ATM1023,Kerala,Kochi,Petrol Bunk,2026-05-23,332,561773
ATM1023,Kerala,Kochi,Petrol Bunk,2026-05-24,202,548909
ATM1023,Kerala,Kochi,Petrol Bunk,2026-05-25,278,493277
ATM1024,Gujarat,Surat,Railway Station,2026-04-16,44,78245
ATM1024,Gujarat,Surat,Railway Station,2026-04-17,58,115830
ATM1024,Gujarat,Surat,Railway Station,2026-04-18,38,116404
ATM1024,Gujarat,Surat,Railway Station,2026-04-19,46,106667
ATM1024,Gujarat,Surat,Railway Station,2026-04-20,30,88211
ATM1024,Gujarat,Surat,Railway Station,2026-04-21,35,91807
ATM1024,Gujarat,Surat,Railway Station,2026-04-22,31,71183
ATM1024,Gujarat,Surat,Railway Station,2026-04-23,29,69843
ATM1024,Gujarat,Surat,Railway Station,2026-04-24,60,103458
ATM1024,Gujarat,Surat,Railway Station,2026-04-25,60,95556
ATM1024,Gujarat,Surat,Railway Station,2026-04-26,42,85402
ATM1024,Gujarat,Surat,Railway Station,2026-04-27,29,64726
ATM1024,Gujarat,Surat,Railway Station,2026-04-28,47,88058
ATM1024,Gujarat,Surat,Railway Station,2026-04-29,53,100101
ATM1024,Gujarat,Surat,Railway Station,2026-04-30,50,88266
ATM1024,Gujarat,Surat,Railway Station,2026-05-01,59,96372
ATM1024,Gujarat,Surat,Railway Station,2026-05-02,61,117727
ATM1024,Gujarat,Surat,Railway Station,2026-05-03,47,118444
ATM1024,Gujarat,Surat,Railway Station,2026-05-04,41,80366
ATM1024,Gujarat,Surat,Railway Station,2026-05-05,28,64484
ATM1024,Gujarat,Surat,Railway Station,2026-05-06,41,112952
ATM1024,Gujarat,Surat,Railway Station,2026-05-07,35,87556
ATM1024,Gujarat,Surat,Railway Station,2026-05-08,23,50746
ATM1024,Gujarat,Surat,Railway Station,2026-05-09,53,89094
ATM1024,Gujarat,Surat,Railway Station,2026-05-10,41,105098
ATM1024,Gujarat,Surat,Railway Station,2026-05-11,37,102557
ATM1024,Gujarat,Surat,Railway Station,2026-05-12,25,55987
ATM1024,Gujarat,Surat,Railway Station,2026-05-13,26,77950
ATM1024,Gujarat,Surat,Railway Station,2026-05-14,42,76726
ATM1024,Gujarat,Surat,Railway Station,2026-05-15,58,95046
ATM1024,Gujarat,Surat,Railway Station,2026-05-16,47,100171
ATM1024,Gujarat,Surat,Railway Station,2026-05-17,58,101597
ATM1024,Gujarat,Surat,Railway Station,2026-05-18,52,87559
ATM1024,Gujarat,Surat,Railway Station,2026-05-19,28,80483
ATM1024,Gujarat,Surat,Railway Station,2026-05-20,47,99116
ATM1024,Gujarat,Surat,Railway Station,2026-05-21,33,75000
ATM1024,Gujarat,Surat,Railway Station,2026-05-22,36,107771
ATM1024,Gujarat,Surat,Railway Station,2026-05-23,77,116958
ATM1024,Gujarat,Surat,Railway Station,2026-05-24,51,109817
ATM1024,Gujarat,Surat,Railway Station,2026-05-25,43,105120
ATM1025,Telangana,Warangal,Residential Area,2026-04-16,124,328517
ATM1025,Telangana,Warangal,Residential Area,2026-04-17,164,341207
ATM1025,Telangana,Warangal,Residential Area,2026-04-18,192,413177
ATM1025,Telangana,Warangal,Residential Area,2026-04-19,206,460416
ATM1025,Telangana,Warangal,Residential Area,2026-04-20,126,311914
ATM1025,Telangana,Warangal,Residential Area,2026-04-21,110,328152
ATM1025,Telangana,Warangal,Residential Area,2026-04-22,222,336653
ATM1025,Telangana,Warangal,Residential Area,2026-04-23,135,359341
ATM1025,Telangana,Warangal,Residential Area,2026-04-24,124,353539
ATM1025,Telangana,Warangal,Residential Area,2026-04-25,162,407940
ATM1025,Telangana,Warangal,Residential Area,2026-04-26,166,448455
ATM1025,Telangana,Warangal,Residential Area,2026-04-27,184,348032
ATM1025,Telangana,Warangal,Residential Area,2026-04-28,157,327454
ATM1025,Telangana,Warangal,Residential Area,2026-04-29,146,369794
ATM1025,Telangana,Warangal,Residential Area,2026-04-30,105,313525
ATM1025,Telangana,Warangal,Residential Area,2026-05-01,148,341742
ATM1025,Telangana,Warangal,Residential Area,2026-05-02,193,437428
ATM1025,Telangana,Warangal,Residential Area,2026-05-03,146,413941
ATM1025,Telangana,Warangal,Residential Area,2026-05-04,134,334719
ATM1025,Telangana,Warangal,Residential Area,2026-05-05,174,327994
ATM1025,Telangana,Warangal,Residential Area,2026-05-06,217,340299
ATM1025,Telangana,Warangal,Residential Area,2026-05-07,196,348120
ATM1025,Telangana,Warangal,Residential Area,2026-05-08,113,334784
ATM1025,Telangana,Warangal,Residential Area,2026-05-09,150,426768
ATM1025,Telangana,Warangal,Residential Area,2026-05-10,147,430839
ATM1025,Telangana,Warangal,Residential Area,2026-05-11,119,347324
ATM1025,Telangana,Warangal,Residential Area,2026-05-12,125,326462
ATM1025,Telangana,Warangal,Residential Area,2026-05-13,154,361219
ATM1025,Telangana,Warangal,Residential Area,2026-05-14,138,329576
ATM1025,Telangana,Warangal,Residential Area,2026-05-15,142,323179
ATM1025,Telangana,Warangal,Residential Area,2026-05-16,284,428479
ATM1025,Telangana,Warangal,Residential Area,2026-05-17,289,448437
ATM1025,Telangana,Warangal,Residential Area,2026-05-18,140,337613
ATM1025,Telangana,Warangal,Residential Area,2026-05-19,164,352906
ATM1025,Telangana,Warangal,Residential Area,2026-05-20,206,338472
ATM1025,Telangana,Warangal,Residential Area,2026-05-21,174,371375
ATM1025,Telangana,Warangal,Residential Area,2026-05-22,226,351993
ATM1025,Telangana,Warangal,Residential Area,2026-05-23,177,433616
ATM1025,Telangana,Warangal,Residential Area,2026-05-24,215,415125
ATM1025,Telangana,Warangal,Residential Area,2026-05-25,124,345884
ATM1026,Maharashtra,Pune,Railway Station,2026-04-16,172,421108
ATM1026,Maharashtra,Pune,Railway Station,2026-04-17,140,418225
ATM1026,Maharashtra,Pune,Railway Station,2026-04-18,277,507959
ATM1026,Maharashtra,Pune,Railway Station,2026-04-19,317,504661
ATM1026,Maharashtra,Pune,Railway Station,2026-04-20,146,390992
ATM1026,Maharashtra,Pune,Railway Station,2026-04-21,258,399093
ATM1026,Maharashtra,Pune,Railway Station,2026-04-22,161,432165
ATM1026,Maharashtra,Pune,Railway Station,2026-04-23,176,405302
ATM1026,Maharashtra,Pune,Railway Station,2026-04-24,149,435833
ATM1026,Maharashtra,Pune,Railway Station,2026-04-25,248,500388
ATM1026,Maharashtra,Pune,Railway Station,2026-04-26,190,536716
ATM1026,Maharashtra,Pune,Railway Station,2026-04-27,163,423101
ATM1026,Maharashtra,Pune,Railway Station,2026-04-28,155,397144
ATM1026,Maharashtra,Pune,Railway Station,2026-04-29,267,404665
ATM1026,Maharashtra,Pune,Railway Station,2026-04-30,173,424761
ATM1026,Maharashtra,Pune,Railway Station,2026-05-01,168,424066
ATM1026,Maharashtra,Pune,Railway Station,2026-05-02,212,530755
ATM1026,Maharashtra,Pune,Railway Station,2026-05-03,203,494437
ATM1026,Maharashtra,Pune,Railway Station,2026-05-04,167,419613
ATM1026,Maharashtra,Pune,Railway Station,2026-05-05,178,409445
ATM1026,Maharashtra,Pune,Railway Station,2026-05-06,197,390040
ATM1026,Maharashtra,Pune,Railway Station,2026-05-07,210,389776
ATM1026,Maharashtra,Pune,Railway Station,2026-05-08,162,413408
ATM1026,Maharashtra,Pune,Railway Station,2026-05-09,238,513211
ATM1026,Maharashtra,Pune,Railway Station,2026-05-10,276,491048
ATM1026,Maharashtra,Pune,Railway Station,2026-05-11,244,393110
ATM1026,Maharashtra,Pune,Railway Station,2026-05-12,134,393596
ATM1026,Maharashtra,Pune,Railway Station,2026-05-13,263,439688
ATM1026,Maharashtra,Pune,Railway Station,2026-05-14,141,396055
ATM1026,Maharashtra,Pune,Railway Station,2026-05-15,166,434836
ATM1026,Maharashtra,Pune,Railway Station,2026-05-16,190,535549
ATM1026,Maharashtra,Pune,Railway Station,2026-05-17,284,498508
ATM1026,Maharashtra,Pune,Railway Station,2026-05-18,201,404812
ATM1026,Maharashtra,Pune,Railway Station,2026-05-19,179,392180
ATM1026,Maharashtra,Pune,Railway Station,2026-05-20,248,411824
ATM1026,Maharashtra,Pune,Railway Station,2026-05-21,161,435608
ATM1026,Maharashtra,Pune,Railway Station,2026-05-22,176,429200
ATM1026,Maharashtra,Pune,Railway Station,2026-05-23,197,504549
ATM1026,Maharashtra,Pune,Railway Station,2026-05-24,192,518879
ATM1026,Maharashtra,Pune,Railway Station,2026-05-25,225,422378
ATM1027,Karnataka,Mysore,Airport,2026-04-16,60,162914
ATM1027,Karnataka,Mysore,Airport,2026-04-17,96,180688
ATM1027,Karnataka,Mysore,Airport,2026-04-18,122,213469
ATM1027,Karnataka,Mysore,Airport,2026-04-19,95,262371
ATM1027,Karnataka,Mysore,Airport,2026-04-20,102,197070
ATM1027,Karnataka,Mysore,Airport,2026-04-21,111,188786
ATM1027,Karnataka,Mysore,Airport,2026-04-22,69,186776
ATM1027,Karnataka,Mysore,Airport,2026-04-23,71,189131
ATM1027,Karnataka,Mysore,Airport,2026-04-24,143,218086
ATM1027,Karnataka,Mysore,Airport,2026-04-25,83,245312
ATM1027,Karnataka,Mysore,Airport,2026-04-26,158,260232
ATM1027,Karnataka,Mysore,Airport,2026-04-27,70,183514
ATM1027,Karnataka,Mysore,Airport,2026-04-28,93,180308
ATM1027,Karnataka,Mysore,Airport,2026-04-29,95,223087
ATM1027,Karnataka,Mysore,Airport,2026-04-30,91,185469
ATM1027,Karnataka,Mysore,Airport,2026-05-01,89,200233
ATM1027,Karnataka,Mysore,Airport,2026-05-02,151,230284
ATM1027,Karnataka,Mysore,Airport,2026-05-03,129,271884
ATM1027,Karnataka,Mysore,Airport,2026-05-04,74,188231
ATM1027,Karnataka,Mysore,Airport,2026-05-05,148,223455
ATM1027,Karnataka,Mysore,Airport,2026-05-06,78,198466
ATM1027,Karnataka,Mysore,Airport,2026-05-07,126,204818
ATM1027,Karnataka,Mysore,Airport,2026-05-08,90,225496
ATM1027,Karnataka,Mysore,Airport,2026-05-09,92,251998
ATM1027,Karnataka,Mysore,Airport,2026-05-10,139,251308
ATM1027,Karnataka,Mysore,Airport,2026-05-11,75,200042
ATM1027,Karnataka,Mysore,Airport,2026-05-12,112,186298
ATM1027,Karnataka,Mysore,Airport,2026-05-13,67,192628
ATM1027,Karnataka,Mysore,Airport,2026-05-14,95,218895
ATM1027,Karnataka,Mysore,Airport,2026-05-15,76,187782
ATM1027,Karnataka,Mysore,Airport,2026-05-16,122,261958
ATM1027,Karnataka,Mysore,Airport,2026-05-17,132,251599
ATM1027,Karnataka,Mysore,Airport,2026-05-18,81,209277
ATM1027,Karnataka,Mysore,Airport,2026-05-19,70,203350
ATM1027,Karnataka,Mysore,Airport,2026-05-20,110,212013
ATM1027,Karnataka,Mysore,Airport,2026-05-21,74,183593
ATM1027,Karnataka,Mysore,Airport,2026-05-22,95,212050
ATM1027,Karnataka,Mysore,Airport,2026-05-23,150,240387
ATM1027,Karnataka,Mysore,Airport,2026-05-24,117,244375
ATM1027,Karnataka,Mysore,Airport,2026-05-25,77,182375
ATM1028,Delhi,New Delhi,Residential Area,2026-04-16,81,207803
ATM1028,Delhi,New Delhi,Residential Area,2026-04-17,102,236603
ATM1028,Delhi,New Delhi,Residential Area,2026-04-18,175,328763
ATM1028,Delhi,New Delhi,Residential Area,2026-04-19,128,268348
ATM1028,Delhi,New Delhi,Residential Area,2026-04-20,74,222454
ATM1028,Delhi,New Delhi,Residential Area,2026-04-21,95,231409
ATM1028,Delhi,New Delhi,Residential Area,2026-04-22,91,209849
ATM1028,Delhi,New Delhi,Residential Area,2026-04-23,95,237864
ATM1028,Delhi,New Delhi,Residential Area,2026-04-24,152,232560
ATM1028,Delhi,New Delhi,Residential Area,2026-04-25,90,268851
ATM1028,Delhi,New Delhi,Residential Area,2026-04-26,113,258600
ATM1028,Delhi,New Delhi,Residential Area,2026-04-27,126,234351
ATM1028,Delhi,New Delhi,Residential Area,2026-04-28,137,213362
ATM1028,Delhi,New Delhi,Residential Area,2026-04-29,78,218127
ATM1028,Delhi,New Delhi,Residential Area,2026-04-30,132,231990
ATM1028,Delhi,New Delhi,Residential Area,2026-05-01,90,232840
ATM1028,Delhi,New Delhi,Residential Area,2026-05-02,180,283237
ATM1028,Delhi,New Delhi,Residential Area,2026-05-03,113,242603
ATM1028,Delhi,New Delhi,Residential Area,2026-05-04,87,214265
ATM1028,Delhi,New Delhi,Residential Area,2026-05-05,88,220362
ATM1028,Delhi,New Delhi,Residential Area,2026-05-06,88,225518
ATM1028,Delhi,New Delhi,Residential Area,2026-05-07,76,196332
ATM1028,Delhi,New Delhi,Residential Area,2026-05-08,81,224620
ATM1028,Delhi,New Delhi,Residential Area,2026-05-09,105,292280
ATM1028,Delhi,New Delhi,Residential Area,2026-05-10,165,267194
ATM1028,Delhi,New Delhi,Residential Area,2026-05-11,122,221186
ATM1028,Delhi,New Delhi,Residential Area,2026-05-12,81,221281
ATM1028,Delhi,New Delhi,Residential Area,2026-05-13,134,254714
ATM1028,Delhi,New Delhi,Residential Area,2026-05-14,95,241097
ATM1028,Delhi,New Delhi,Residential Area,2026-05-15,119,222876
ATM1028,Delhi,New Delhi,Residential Area,2026-05-16,140,275094
ATM1028,Delhi,New Delhi,Residential Area,2026-05-17,164,310377
ATM1028,Delhi,New Delhi,Residential Area,2026-05-18,114,247526
ATM1028,Delhi,New Delhi,Residential Area,2026-05-19,110,217952
ATM1028,Delhi,New Delhi,Residential Area,2026-05-20,83,231446
ATM1028,Delhi,New Delhi,Residential Area,2026-05-21,88,204798
ATM1028,Delhi,New Delhi,Residential Area,2026-05-22,87,240863
ATM1028,Delhi,New Delhi,Residential Area,2026-05-23,167,280336
ATM1028,Delhi,New Delhi,Residential Area,2026-05-24,119,273835
ATM1028,Delhi,New Delhi,Residential Area,2026-05-25,75,217521
ATM1029,Telangana,Hyderabad,Residential Area,2026-04-16,87,153090
ATM1029,Telangana,Hyderabad,Residential Area,2026-04-17,57,139650
ATM1029,Telangana,Hyderabad,Residential Area,2026-04-18,60,169822
ATM1029,Telangana,Hyderabad,Residential Area,2026-04-19,124,187304
ATM1029,Telangana,Hyderabad,Residential Area,2026-04-20,60,139157
ATM1029,Telangana,Hyderabad,Residential Area,2026-04-21,53,139294
ATM1029,Telangana,Hyderabad,Residential Area,2026-04-22,72,151544
ATM1029,Telangana,Hyderabad,Residential Area,2026-04-23,60,150480
ATM1029,Telangana,Hyderabad,Residential Area,2026-04-24,48,126225
ATM1029,Telangana,Hyderabad,Residential Area,2026-04-25,70,185802
ATM1029,Telangana,Hyderabad,Residential Area,2026-04-26,103,176733
ATM1029,Telangana,Hyderabad,Residential Area,2026-04-27,66,142396
ATM1029,Telangana,Hyderabad,Residential Area,2026-04-28,61,132691
ATM1029,Telangana,Hyderabad,Residential Area,2026-04-29,52,153687
ATM1029,Telangana,Hyderabad,Residential Area,2026-04-30,63,132219
ATM1029,Telangana,Hyderabad,Residential Area,2026-05-01,53,157982
ATM1029,Telangana,Hyderabad,Residential Area,2026-05-02,69,165684
ATM1029,Telangana,Hyderabad,Residential Area,2026-05-03,67,171166
ATM1029,Telangana,Hyderabad,Residential Area,2026-05-04,52,112463
ATM1029,Telangana,Hyderabad,Residential Area,2026-05-05,79,140867
ATM1029,Telangana,Hyderabad,Residential Area,2026-05-06,63,128086
ATM1029,Telangana,Hyderabad,Residential Area,2026-05-07,73,157550
ATM1029,Telangana,Hyderabad,Residential Area,2026-05-08,51,124446
ATM1029,Telangana,Hyderabad,Residential Area,2026-05-09,54,161489
ATM1029,Telangana,Hyderabad,Residential Area,2026-05-10,74,173303
ATM1029,Telangana,Hyderabad,Residential Area,2026-05-11,62,162133
ATM1029,Telangana,Hyderabad,Residential Area,2026-05-12,88,134828
ATM1029,Telangana,Hyderabad,Residential Area,2026-05-13,70,137975
ATM1029,Telangana,Hyderabad,Residential Area,2026-05-14,90,174858
ATM1029,Telangana,Hyderabad,Residential Area,2026-05-15,46,136700
ATM1029,Telangana,Hyderabad,Residential Area,2026-05-16,101,170149
ATM1029,Telangana,Hyderabad,Residential Area,2026-05-17,71,192460
ATM1029,Telangana,Hyderabad,Residential Area,2026-05-18,57,145322
ATM1029,Telangana,Hyderabad,Residential Area,2026-05-19,80,151852
ATM1029,Telangana,Hyderabad,Residential Area,2026-05-20,59,143992
ATM1029,Telangana,Hyderabad,Residential Area,2026-05-21,45,101162
ATM1029,Telangana,Hyderabad,Residential Area,2026-05-22,70,169770
ATM1029,Telangana,Hyderabad,Residential Area,2026-05-23,62,152945
ATM1029,Telangana,Hyderabad,Residential Area,2026-05-24,90,176940
ATM1029,Telangana,Hyderabad,Residential Area,2026-05-25,97,152777
ATM1030,Andhra Pradesh,Visakhapatnam,Shopping Mall,2026-04-16,56,110212
ATM1030,Andhra Pradesh,Visakhapatnam,Shopping Mall,2026-04-17,88,149948
ATM1030,Andhra Pradesh,Visakhapatnam,Shopping Mall,2026-04-18,91,166872
ATM1030,Andhra Pradesh,Visakhapatnam,Shopping Mall,2026-04-19,99,163832
ATM1030,Andhra Pradesh,Visakhapatnam,Shopping Mall,2026-04-20,75,135451
ATM1030,Andhra Pradesh,Visakhapatnam,Shopping Mall,2026-04-21,72,125601
ATM1030,Andhra Pradesh,Visakhapatnam,Shopping Mall,2026-04-22,69,142270
ATM1030,Andhra Pradesh,Visakhapatnam,Shopping Mall,2026-04-23,70,134818
ATM1030,Andhra Pradesh,Visakhapatnam,Shopping Mall,2026-04-24,54,111349
ATM1030,Andhra Pradesh,Visakhapatnam,Shopping Mall,2026-04-25,108,169839
ATM1030,Andhra Pradesh,Visakhapatnam,Shopping Mall,2026-04-26,109,170634
ATM1030,Andhra Pradesh,Visakhapatnam,Shopping Mall,2026-04-27,72,144154
ATM1030,Andhra Pradesh,Visakhapatnam,Shopping Mall,2026-04-28,42,121414
ATM1030,Andhra Pradesh,Visakhapatnam,Shopping Mall,2026-04-29,59,144289
ATM1030,Andhra Pradesh,Visakhapatnam,Shopping Mall,2026-04-30,47,125920
ATM1030,Andhra Pradesh,Visakhapatnam,Shopping Mall,2026-05-01,70,125334
ATM1030,Andhra Pradesh,Visakhapatnam,Shopping Mall,2026-05-02,69,155196
ATM1030,Andhra Pradesh,Visakhapatnam,Shopping Mall,2026-05-03,85,150080
ATM1030,Andhra Pradesh,Visakhapatnam,Shopping Mall,2026-05-04,58,147816
ATM1030,Andhra Pradesh,Visakhapatnam,Shopping Mall,2026-05-05,51,121228
ATM1030,Andhra Pradesh,Visakhapatnam,Shopping Mall,2026-05-06,52,129748
ATM1030,Andhra Pradesh,Visakhapatnam,Shopping Mall,2026-05-07,102,156835
ATM1030,Andhra Pradesh,Visakhapatnam,Shopping Mall,2026-05-08,42,125332
ATM1030,Andhra Pradesh,Visakhapatnam,Shopping Mall,2026-05-09,64,151919
ATM1030,Andhra Pradesh,Visakhapatnam,Shopping Mall,2026-05-10,67,169724
ATM1030,Andhra Pradesh,Visakhapatnam,Shopping Mall,2026-05-11,58,99222
ATM1030,Andhra Pradesh,Visakhapatnam,Shopping Mall,2026-05-12,50,116464
ATM1030,Andhra Pradesh,Visakhapatnam,Shopping Mall,2026-05-13,60,102950
ATM1030,Andhra Pradesh,Visakhapatnam,Shopping Mall,2026-05-14,65,121622
ATM1030,Andhra Pradesh,Visakhapatnam,Shopping Mall,2026-05-15,36,107033
ATM1030,Andhra Pradesh,Visakhapatnam,Shopping Mall,2026-05-16,70,166075
ATM1030,Andhra Pradesh,Visakhapatnam,Shopping Mall,2026-05-17,84,157825
ATM1030,Andhra Pradesh,Visakhapatnam,Shopping Mall,2026-05-18,48,133255
ATM1030,Andhra Pradesh,Visakhapatnam,Shopping Mall,2026-05-19,61,115352
ATM1030,Andhra Pradesh,Visakhapatnam,Shopping Mall,2026-05-20,91,138276
ATM1030,Andhra Pradesh,Visakhapatnam,Shopping Mall,2026-05-21,48,132544
ATM1030,Andhra Pradesh,Visakhapatnam,Shopping Mall,2026-05-22,46,107590
ATM1030,Andhra Pradesh,Visakhapatnam,Shopping Mall,2026-05-23,62,174089
ATM1030,Andhra Pradesh,Visakhapatnam,Shopping Mall,2026-05-24,91,157919
ATM1030,Andhra Pradesh,Visakhapatnam,Shopping Mall,2026-05-25,51,110811
ATM1031,Kerala,Trivandrum,Hospital,2026-04-16,120,246991
ATM1031,Kerala,Trivandrum,Hospital,2026-04-17,158,256168
ATM1031,Kerala,Trivandrum,Hospital,2026-04-18,165,265777
ATM1031,Kerala,Trivandrum,Hospital,2026-04-19,115,292735
ATM1031,Kerala,Trivandrum,Hospital,2026-04-20,76,216032
ATM1031,Kerala,Trivandrum,Hospital,2026-04-21,114,222281
ATM1031,Kerala,Trivandrum,Hospital,2026-04-22,141,223497
ATM1031,Kerala,Trivandrum,Hospital,2026-04-23,128,226357
ATM1031,Kerala,Trivandrum,Hospital,2026-04-24,132,232420
ATM1031,Kerala,Trivandrum,Hospital,2026-04-25,102,266250
ATM1031,Kerala,Trivandrum,Hospital,2026-04-26,172,285256
ATM1031,Kerala,Trivandrum,Hospital,2026-04-27,154,250072
ATM1031,Kerala,Trivandrum,Hospital,2026-04-28,120,240973
ATM1031,Kerala,Trivandrum,Hospital,2026-04-29,149,224100
ATM1031,Kerala,Trivandrum,Hospital,2026-04-30,81,231851
ATM1031,Kerala,Trivandrum,Hospital,2026-05-01,143,228346
ATM1031,Kerala,Trivandrum,Hospital,2026-05-02,97,289658
ATM1031,Kerala,Trivandrum,Hospital,2026-05-03,161,288036
ATM1031,Kerala,Trivandrum,Hospital,2026-05-04,77,227204
ATM1031,Kerala,Trivandrum,Hospital,2026-05-05,115,253503
ATM1031,Kerala,Trivandrum,Hospital,2026-05-06,76,228327
ATM1031,Kerala,Trivandrum,Hospital,2026-05-07,86,199523
ATM1031,Kerala,Trivandrum,Hospital,2026-05-08,92,233716
ATM1031,Kerala,Trivandrum,Hospital,2026-05-09,121,283083
ATM1031,Kerala,Trivandrum,Hospital,2026-05-10,112,304241
ATM1031,Kerala,Trivandrum,Hospital,2026-05-11,81,213987
ATM1031,Kerala,Trivandrum,Hospital,2026-05-12,87,254403
ATM1031,Kerala,Trivandrum,Hospital,2026-05-13,120,218078
ATM1031,Kerala,Trivandrum,Hospital,2026-05-14,126,220426
ATM1031,Kerala,Trivandrum,Hospital,2026-05-15,116,261549
ATM1031,Kerala,Trivandrum,Hospital,2026-05-16,141,291023
ATM1031,Kerala,Trivandrum,Hospital,2026-05-17,138,300399
ATM1031,Kerala,Trivandrum,Hospital,2026-05-18,98,236600
ATM1031,Kerala,Trivandrum,Hospital,2026-05-19,113,225342
ATM1031,Kerala,Trivandrum,Hospital,2026-05-20,94,236991
ATM1031,Kerala,Trivandrum,Hospital,2026-05-21,82,227657
ATM1031,Kerala,Trivandrum,Hospital,2026-05-22,98,240532
ATM1031,Kerala,Trivandrum,Hospital,2026-05-23,162,284414
ATM1031,Kerala,Trivandrum,Hospital,2026-05-24,142,253722
ATM1031,Kerala,Trivandrum,Hospital,2026-05-25,80,227175
ATM1032,Gujarat,Ahmedabad,Market Area,2026-04-16,286,459078
ATM1032,Gujarat,Ahmedabad,Market Area,2026-04-17,250,459021
ATM1032,Gujarat,Ahmedabad,Market Area,2026-04-18,199,568897
ATM1032,Gujarat,Ahmedabad,Market Area,2026-04-19,203,536764
ATM1032,Gujarat,Ahmedabad,Market Area,2026-04-20,193,442979
ATM1032,Gujarat,Ahmedabad,Market Area,2026-04-21,231,441856
ATM1032,Gujarat,Ahmedabad,Market Area,2026-04-22,200,466773
ATM1032,Gujarat,Ahmedabad,Market Area,2026-04-23,167,432397
ATM1032,Gujarat,Ahmedabad,Market Area,2026-04-24,221,457317
ATM1032,Gujarat,Ahmedabad,Market Area,2026-04-25,203,590207
ATM1032,Gujarat,Ahmedabad,Market Area,2026-04-26,254,542181
ATM1032,Gujarat,Ahmedabad,Market Area,2026-04-27,172,443417
ATM1032,Gujarat,Ahmedabad,Market Area,2026-04-28,241,463192
ATM1032,Gujarat,Ahmedabad,Market Area,2026-04-29,274,429886
ATM1032,Gujarat,Ahmedabad,Market Area,2026-04-30,170,435338
ATM1032,Gujarat,Ahmedabad,Market Area,2026-05-01,260,454462
ATM1032,Gujarat,Ahmedabad,Market Area,2026-05-02,277,573583
ATM1032,Gujarat,Ahmedabad,Market Area,2026-05-03,258,527549
ATM1032,Gujarat,Ahmedabad,Market Area,2026-05-04,155,446016
ATM1032,Gujarat,Ahmedabad,Market Area,2026-05-05,179,428644
ATM1032,Gujarat,Ahmedabad,Market Area,2026-05-06,154,452589
ATM1032,Gujarat,Ahmedabad,Market Area,2026-05-07,190,473352
ATM1032,Gujarat,Ahmedabad,Market Area,2026-05-08,261,432484
ATM1032,Gujarat,Ahmedabad,Market Area,2026-05-09,305,535619
ATM1032,Gujarat,Ahmedabad,Market Area,2026-05-10,229,565385
ATM1032,Gujarat,Ahmedabad,Market Area,2026-05-11,151,435319
ATM1032,Gujarat,Ahmedabad,Market Area,2026-05-12,179,462287
ATM1032,Gujarat,Ahmedabad,Market Area,2026-05-13,274,441780
ATM1032,Gujarat,Ahmedabad,Market Area,2026-05-14,219,413964
ATM1032,Gujarat,Ahmedabad,Market Area,2026-05-15,228,438448
ATM1032,Gujarat,Ahmedabad,Market Area,2026-05-16,204,541913
ATM1032,Gujarat,Ahmedabad,Market Area,2026-05-17,310,541887
ATM1032,Gujarat,Ahmedabad,Market Area,2026-05-18,198,451652
ATM1032,Gujarat,Ahmedabad,Market Area,2026-05-19,190,434471
ATM1032,Gujarat,Ahmedabad,Market Area,2026-05-20,148,440044
ATM1032,Gujarat,Ahmedabad,Market Area,2026-05-21,263,435620
ATM1032,Gujarat,Ahmedabad,Market Area,2026-05-22,280,464063
ATM1032,Gujarat,Ahmedabad,Market Area,2026-05-23,318,564143
ATM1032,Gujarat,Ahmedabad,Market Area,2026-05-24,280,576016
ATM1032,Gujarat,Ahmedabad,Market Area,2026-05-25,254,437236
ATM1033,Telangana,Warangal,Railway Station,2026-04-16,144,396030
ATM1033,Telangana,Warangal,Railway Station,2026-04-17,225,391030
ATM1033,Telangana,Warangal,Railway Station,2026-04-18,170,486503
ATM1033,Telangana,Warangal,Railway Station,2026-04-19,194,473685
ATM1033,Telangana,Warangal,Railway Station,2026-04-20,169,387974
ATM1033,Telangana,Warangal,Railway Station,2026-04-21,208,396782
ATM1033,Telangana,Warangal,Railway Station,2026-04-22,142,393764
ATM1033,Telangana,Warangal,Railway Station,2026-04-23,194,374652
ATM1033,Telangana,Warangal,Railway Station,2026-04-24,138,359147
ATM1033,Telangana,Warangal,Railway Station,2026-04-25,182,502922
ATM1033,Telangana,Warangal,Railway Station,2026-04-26,242,488108
ATM1033,Telangana,Warangal,Railway Station,2026-04-27,241,380894
ATM1033,Telangana,Warangal,Railway Station,2026-04-28,236,372239
ATM1033,Telangana,Warangal,Railway Station,2026-04-29,147,396678
ATM1033,Telangana,Warangal,Railway Station,2026-04-30,216,372621
ATM1033,Telangana,Warangal,Railway Station,2026-05-01,148,411177
ATM1033,Telangana,Warangal,Railway Station,2026-05-02,269,469522
ATM1033,Telangana,Warangal,Railway Station,2026-05-03,173,456043
ATM1033,Telangana,Warangal,Railway Station,2026-05-04,152,373992
ATM1033,Telangana,Warangal,Railway Station,2026-05-05,128,380739
ATM1033,Telangana,Warangal,Railway Station,2026-05-06,160,421226
ATM1033,Telangana,Warangal,Railway Station,2026-05-07,253,381114
ATM1033,Telangana,Warangal,Railway Station,2026-05-08,168,375675
ATM1033,Telangana,Warangal,Railway Station,2026-05-09,181,489190
ATM1033,Telangana,Warangal,Railway Station,2026-05-10,196,506297
ATM1033,Telangana,Warangal,Railway Station,2026-05-11,204,380748
ATM1033,Telangana,Warangal,Railway Station,2026-05-12,133,398774
ATM1033,Telangana,Warangal,Railway Station,2026-05-13,159,395036
ATM1033,Telangana,Warangal,Railway Station,2026-05-14,174,362862
ATM1033,Telangana,Warangal,Railway Station,2026-05-15,202,403254
ATM1033,Telangana,Warangal,Railway Station,2026-05-16,212,465189
ATM1033,Telangana,Warangal,Railway Station,2026-05-17,168,463965
ATM1033,Telangana,Warangal,Railway Station,2026-05-18,136,375777
ATM1033,Telangana,Warangal,Railway Station,2026-05-19,194,372393
ATM1033,Telangana,Warangal,Railway Station,2026-05-20,139,375683
ATM1033,Telangana,Warangal,Railway Station,2026-05-21,219,385954
ATM1033,Telangana,Warangal,Railway Station,2026-05-22,193,387471
ATM1033,Telangana,Warangal,Railway Station,2026-05-23,264,497630
ATM1033,Telangana,Warangal,Railway Station,2026-05-24,214,505845
ATM1033,Telangana,Warangal,Railway Station,2026-05-25,209,377289
ATM1034,Delhi,New Delhi,College Campus,2026-04-16,35,75003
ATM1034,Delhi,New Delhi,College Campus,2026-04-17,25,75432
ATM1034,Delhi,New Delhi,College Campus,2026-04-18,48,76746
ATM1034,Delhi,New Delhi,College Campus,2026-04-19,17,40987
ATM1034,Delhi,New Delhi,College Campus,2026-04-20,16,44411
ATM1034,Delhi,New Delhi,College Campus,2026-04-21,24,58220
ATM1034,Delhi,New Delhi,College Campus,2026-04-22,4,13752
ATM1034,Delhi,New Delhi,College Campus,2026-04-23,27,49198
ATM1034,Delhi,New Delhi,College Campus,2026-04-24,36,55706
ATM1034,Delhi,New Delhi,College Campus,2026-04-25,31,68273
ATM1034,Delhi,New Delhi,College Campus,2026-04-26,22,60348
ATM1034,Delhi,New Delhi,College Campus,2026-04-27,22,67644
ATM1034,Delhi,New Delhi,College Campus,2026-04-28,13,37875
ATM1034,Delhi,New Delhi,College Campus,2026-04-29,20,47993
ATM1034,Delhi,New Delhi,College Campus,2026-04-30,21,60288
ATM1034,Delhi,New Delhi,College Campus,2026-05-01,21,49107
ATM1034,Delhi,New Delhi,College Campus,2026-05-02,40,73320
ATM1034,Delhi,New Delhi,College Campus,2026-05-03,19,54832
ATM1034,Delhi,New Delhi,College Campus,2026-05-04,24,44383
ATM1034,Delhi,New Delhi,College Campus,2026-05-05,13,31777
ATM1034,Delhi,New Delhi,College Campus,2026-05-06,15,38111
ATM1034,Delhi,New Delhi,College Campus,2026-05-07,26,44134
ATM1034,Delhi,New Delhi,College Campus,2026-05-08,33,52390
ATM1034,Delhi,New Delhi,College Campus,2026-05-09,23,57762
ATM1034,Delhi,New Delhi,College Campus,2026-05-10,34,61580
ATM1034,Delhi,New Delhi,College Campus,2026-05-11,23,50588
ATM1034,Delhi,New Delhi,College Campus,2026-05-12,35,64483
ATM1034,Delhi,New Delhi,College Campus,2026-05-13,24,66475
ATM1034,Delhi,New Delhi,College Campus,2026-05-14,17,45754
ATM1034,Delhi,New Delhi,College Campus,2026-05-15,31,54362
ATM1034,Delhi,New Delhi,College Campus,2026-05-16,30,62418
ATM1034,Delhi,New Delhi,College Campus,2026-05-17,32,69748
ATM1034,Delhi,New Delhi,College Campus,2026-05-18,21,45754
ATM1034,Delhi,New Delhi,College Campus,2026-05-19,34,63066
ATM1034,Delhi,New Delhi,College Campus,2026-05-20,33,55635
ATM1034,Delhi,New Delhi,College Campus,2026-05-21,13,29404
ATM1034,Delhi,New Delhi,College Campus,2026-05-22,26,51048
ATM1034,Delhi,New Delhi,College Campus,2026-05-23,57,96915
ATM1034,Delhi,New Delhi,College Campus,2026-05-24,26,73914
ATM1034,Delhi,New Delhi,College Campus,2026-05-25,19,50090
ATM1035,Karnataka,Mysore,Petrol Bunk,2026-04-16,26,73474
ATM1035,Karnataka,Mysore,Petrol Bunk,2026-04-17,65,122162
ATM1035,Karnataka,Mysore,Petrol Bunk,2026-04-18,78,130893
ATM1035,Karnataka,Mysore,Petrol Bunk,2026-04-19,45,105463
ATM1035,Karnataka,Mysore,Petrol Bunk,2026-04-20,36,81614
ATM1035,Karnataka,Mysore,Petrol Bunk,2026-04-21,29,80988
ATM1035,Karnataka,Mysore,Petrol Bunk,2026-04-22,79,122373
ATM1035,Karnataka,Mysore,Petrol Bunk,2026-04-23,55,109212
ATM1035,Karnataka,Mysore,Petrol Bunk,2026-04-24,58,103443
ATM1035,Karnataka,Mysore,Petrol Bunk,2026-04-25,68,129232
ATM1035,Karnataka,Mysore,Petrol Bunk,2026-04-26,75,115480
ATM1035,Karnataka,Mysore,Petrol Bunk,2026-04-27,36,82827
ATM1035,Karnataka,Mysore,Petrol Bunk,2026-04-28,59,121979
ATM1035,Karnataka,Mysore,Petrol Bunk,2026-04-29,32,80281
ATM1035,Karnataka,Mysore,Petrol Bunk,2026-04-30,51,99988
ATM1035,Karnataka,Mysore,Petrol Bunk,2026-05-01,52,98858
ATM1035,Karnataka,Mysore,Petrol Bunk,2026-05-02,61,112827
ATM1035,Karnataka,Mysore,Petrol Bunk,2026-05-03,51,108242
ATM1035,Karnataka,Mysore,Petrol Bunk,2026-05-04,37,91547
ATM1035,Karnataka,Mysore,Petrol Bunk,2026-05-05,36,96216
ATM1035,Karnataka,Mysore,Petrol Bunk,2026-05-06,49,113967
ATM1035,Karnataka,Mysore,Petrol Bunk,2026-05-07,35,100437
ATM1035,Karnataka,Mysore,Petrol Bunk,2026-05-08,49,78374
ATM1035,Karnataka,Mysore,Petrol Bunk,2026-05-09,66,144232
ATM1035,Karnataka,Mysore,Petrol Bunk,2026-05-10,51,112300
ATM1035,Karnataka,Mysore,Petrol Bunk,2026-05-11,44,101030
ATM1035,Karnataka,Mysore,Petrol Bunk,2026-05-12,30,84105
ATM1035,Karnataka,Mysore,Petrol Bunk,2026-05-13,30,82559
ATM1035,Karnataka,Mysore,Petrol Bunk,2026-05-14,45,85289
ATM1035,Karnataka,Mysore,Petrol Bunk,2026-05-15,43,96485
ATM1035,Karnataka,Mysore,Petrol Bunk,2026-05-16,60,115359
ATM1035,Karnataka,Mysore,Petrol Bunk,2026-05-17,53,103563
ATM1035,Karnataka,Mysore,Petrol Bunk,2026-05-18,62,95565
ATM1035,Karnataka,Mysore,Petrol Bunk,2026-05-19,41,104012
ATM1035,Karnataka,Mysore,Petrol Bunk,2026-05-20,37,106468
ATM1035,Karnataka,Mysore,Petrol Bunk,2026-05-21,48,97269
ATM1035,Karnataka,Mysore,Petrol Bunk,2026-05-22,61,112049
ATM1035,Karnataka,Mysore,Petrol Bunk,2026-05-23,63,101487
ATM1035,Karnataka,Mysore,Petrol Bunk,2026-05-24,76,140036
ATM1035,Karnataka,Mysore,Petrol Bunk,2026-05-25,52,113307
ATM1036,Karnataka,Mysore,Residential Area,2026-04-16,108,279144
ATM1036,Karnataka,Mysore,Residential Area,2026-04-17,100,263773
ATM1036,Karnataka,Mysore,Residential Area,2026-04-18,207,348646
ATM1036,Karnataka,Mysore,Residential Area,2026-04-19,163,345369
ATM1036,Karnataka,Mysore,Residential Area,2026-04-20,107,273363
ATM1036,Karnataka,Mysore,Residential Area,2026-04-21,146,261984
ATM1036,Karnataka,Mysore,Residential Area,2026-04-22,128,264617
ATM1036,Karnataka,Mysore,Residential Area,2026-04-23,187,285536
ATM1036,Karnataka,Mysore,Residential Area,2026-04-24,148,282118
ATM1036,Karnataka,Mysore,Residential Area,2026-04-25,123,319426
ATM1036,Karnataka,Mysore,Residential Area,2026-04-26,117,337526
ATM1036,Karnataka,Mysore,Residential Area,2026-04-27,149,261769
ATM1036,Karnataka,Mysore,Residential Area,2026-04-28,104,283300
ATM1036,Karnataka,Mysore,Residential Area,2026-04-29,128,273811
ATM1036,Karnataka,Mysore,Residential Area,2026-04-30,186,279969
ATM1036,Karnataka,Mysore,Residential Area,2026-05-01,90,267029
ATM1036,Karnataka,Mysore,Residential Area,2026-05-02,121,328436
ATM1036,Karnataka,Mysore,Residential Area,2026-05-03,144,329370
ATM1036,Karnataka,Mysore,Residential Area,2026-05-04,85,239417
ATM1036,Karnataka,Mysore,Residential Area,2026-05-05,168,285939
ATM1036,Karnataka,Mysore,Residential Area,2026-05-06,140,251671
ATM1036,Karnataka,Mysore,Residential Area,2026-05-07,108,274499
ATM1036,Karnataka,Mysore,Residential Area,2026-05-08,104,243633
ATM1036,Karnataka,Mysore,Residential Area,2026-05-09,134,323319
ATM1036,Karnataka,Mysore,Residential Area,2026-05-10,124,331936
ATM1036,Karnataka,Mysore,Residential Area,2026-05-11,162,259709
ATM1036,Karnataka,Mysore,Residential Area,2026-05-12,156,292263
ATM1036,Karnataka,Mysore,Residential Area,2026-05-13,93,262938
ATM1036,Karnataka,Mysore,Residential Area,2026-05-14,102,255327
ATM1036,Karnataka,Mysore,Residential Area,2026-05-15,133,283838
ATM1036,Karnataka,Mysore,Residential Area,2026-05-16,140,356969
ATM1036,Karnataka,Mysore,Residential Area,2026-05-17,121,332188
ATM1036,Karnataka,Mysore,Residential Area,2026-05-18,154,285030
ATM1036,Karnataka,Mysore,Residential Area,2026-05-19,98,253110
ATM1036,Karnataka,Mysore,Residential Area,2026-05-20,92,264321
ATM1036,Karnataka,Mysore,Residential Area,2026-05-21,155,268149
ATM1036,Karnataka,Mysore,Residential Area,2026-05-22,141,245499
ATM1036,Karnataka,Mysore,Residential Area,2026-05-23,127,333331
ATM1036,Karnataka,Mysore,Residential Area,2026-05-24,185,327987
ATM1036,Karnataka,Mysore,Residential Area,2026-05-25,108,254790
ATM1037,Gujarat,Ahmedabad,College Campus,2026-04-16,130,262346
ATM1037,Gujarat,Ahmedabad,College Campus,2026-04-17,124,238976
ATM1037,Gujarat,Ahmedabad,College Campus,2026-04-18,103,296363
ATM1037,Gujarat,Ahmedabad,College Campus,2026-04-19,110,312098
ATM1037,Gujarat,Ahmedabad,College Campus,2026-04-20,112,229316
ATM1037,Gujarat,Ahmedabad,College Campus,2026-04-21,94,232113
ATM1037,Gujarat,Ahmedabad,College Campus,2026-04-22,87,214471
ATM1037,Gujarat,Ahmedabad,College Campus,2026-04-23,93,243501
ATM1037,Gujarat,Ahmedabad,College Campus,2026-04-24,125,216012
ATM1037,Gujarat,Ahmedabad,College Campus,2026-04-25,97,249442
ATM1037,Gujarat,Ahmedabad,College Campus,2026-04-26,127,268773
ATM1037,Gujarat,Ahmedabad,College Campus,2026-04-27,95,213157
ATM1037,Gujarat,Ahmedabad,College Campus,2026-04-28,98,220248
ATM1037,Gujarat,Ahmedabad,College Campus,2026-04-29,107,219699
ATM1037,Gujarat,Ahmedabad,College Campus,2026-04-30,131,225214
ATM1037,Gujarat,Ahmedabad,College Campus,2026-05-01,104,230434
ATM1037,Gujarat,Ahmedabad,College Campus,2026-05-02,115,277929
ATM1037,Gujarat,Ahmedabad,College Campus,2026-05-03,131,272184
ATM1037,Gujarat,Ahmedabad,College Campus,2026-05-04,80,228460
ATM1037,Gujarat,Ahmedabad,College Campus,2026-05-05,96,219904
ATM1037,Gujarat,Ahmedabad,College Campus,2026-05-06,88,238572
ATM1037,Gujarat,Ahmedabad,College Campus,2026-05-07,123,234146
ATM1037,Gujarat,Ahmedabad,College Campus,2026-05-08,78,234308
ATM1037,Gujarat,Ahmedabad,College Campus,2026-05-09,146,295654
ATM1037,Gujarat,Ahmedabad,College Campus,2026-05-10,144,276283
ATM1037,Gujarat,Ahmedabad,College Campus,2026-05-11,91,216430
ATM1037,Gujarat,Ahmedabad,College Campus,2026-05-12,109,227924
ATM1037,Gujarat,Ahmedabad,College Campus,2026-05-13,75,204692
ATM1037,Gujarat,Ahmedabad,College Campus,2026-05-14,72,206236
ATM1037,Gujarat,Ahmedabad,College Campus,2026-05-15,89,245403
ATM1037,Gujarat,Ahmedabad,College Campus,2026-05-16,167,321914
ATM1037,Gujarat,Ahmedabad,College Campus,2026-05-17,121,267804
ATM1037,Gujarat,Ahmedabad,College Campus,2026-05-18,117,251307
ATM1037,Gujarat,Ahmedabad,College Campus,2026-05-19,74,207684
ATM1037,Gujarat,Ahmedabad,College Campus,2026-05-20,102,238093
ATM1037,Gujarat,Ahmedabad,College Campus,2026-05-21,93,250588
ATM1037,Gujarat,Ahmedabad,College Campus,2026-05-22,71,196720
ATM1037,Gujarat,Ahmedabad,College Campus,2026-05-23,122,268139
ATM1037,Gujarat,Ahmedabad,College Campus,2026-05-24,119,263017
ATM1037,Gujarat,Ahmedabad,College Campus,2026-05-25,142,249665
ATM1038,Karnataka,Bangalore,Hospital,2026-04-16,172,477622
ATM1038,Karnataka,Bangalore,Hospital,2026-04-17,159,465814
ATM1038,Karnataka,Bangalore,Hospital,2026-04-18,243,591963
ATM1038,Karnataka,Bangalore,Hospital,2026-04-19,264,583215
ATM1038,Karnataka,Bangalore,Hospital,2026-04-20,302,476129
ATM1038,Karnataka,Bangalore,Hospital,2026-04-21,157,449878
ATM1038,Karnataka,Bangalore,Hospital,2026-04-22,195,436188
ATM1038,Karnataka,Bangalore,Hospital,2026-04-23,166,476109
ATM1038,Karnataka,Bangalore,Hospital,2026-04-24,158,466634
ATM1038,Karnataka,Bangalore,Hospital,2026-04-25,359,587405
ATM1038,Karnataka,Bangalore,Hospital,2026-04-26,248,616330
ATM1038,Karnataka,Bangalore,Hospital,2026-04-27,159,459633
ATM1038,Karnataka,Bangalore,Hospital,2026-04-28,223,488037
ATM1038,Karnataka,Bangalore,Hospital,2026-04-29,184,478101
ATM1038,Karnataka,Bangalore,Hospital,2026-04-30,229,475428
ATM1038,Karnataka,Bangalore,Hospital,2026-05-01,211,468691
ATM1038,Karnataka,Bangalore,Hospital,2026-05-02,229,580098
ATM1038,Karnataka,Bangalore,Hospital,2026-05-03,252,596706
ATM1038,Karnataka,Bangalore,Hospital,2026-05-04,204,485287
ATM1038,Karnataka,Bangalore,Hospital,2026-05-05,199,486074
ATM1038,Karnataka,Bangalore,Hospital,2026-05-06,195,484299
ATM1038,Karnataka,Bangalore,Hospital,2026-05-07,178,470885
ATM1038,Karnataka,Bangalore,Hospital,2026-05-08,185,478215
ATM1038,Karnataka,Bangalore,Hospital,2026-05-09,289,572949
ATM1038,Karnataka,Bangalore,Hospital,2026-05-10,196,577333
ATM1038,Karnataka,Bangalore,Hospital,2026-05-11,203,459443
ATM1038,Karnataka,Bangalore,Hospital,2026-05-12,258,458278
ATM1038,Karnataka,Bangalore,Hospital,2026-05-13,220,468959
ATM1038,Karnataka,Bangalore,Hospital,2026-05-14,293,476681
ATM1038,Karnataka,Bangalore,Hospital,2026-05-15,162,477914
ATM1038,Karnataka,Bangalore,Hospital,2026-05-16,320,560310
ATM1038,Karnataka,Bangalore,Hospital,2026-05-17,340,568499
ATM1038,Karnataka,Bangalore,Hospital,2026-05-18,304,466922
ATM1038,Karnataka,Bangalore,Hospital,2026-05-19,258,488147
ATM1038,Karnataka,Bangalore,Hospital,2026-05-20,191,481451
ATM1038,Karnataka,Bangalore,Hospital,2026-05-21,161,458026
ATM1038,Karnataka,Bangalore,Hospital,2026-05-22,194,461091
ATM1038,Karnataka,Bangalore,Hospital,2026-05-23,311,575222
ATM1038,Karnataka,Bangalore,Hospital,2026-05-24,191,561368
ATM1038,Karnataka,Bangalore,Hospital,2026-05-25,236,448643
ATM1039,Andhra Pradesh,Vijayawada,Bus Stand,2026-04-16,169,484145
ATM1039,Andhra Pradesh,Vijayawada,Bus Stand,2026-04-17,202,451520
ATM1039,Andhra Pradesh,Vijayawada,Bus Stand,2026-04-18,237,588970
ATM1039,Andhra Pradesh,Vijayawada,Bus Stand,2026-04-19,245,578149
ATM1039,Andhra Pradesh,Vijayawada,Bus Stand,2026-04-20,174,437129
ATM1039,Andhra Pradesh,Vijayawada,Bus Stand,2026-04-21,171,451561
ATM1039,Andhra Pradesh,Vijayawada,Bus Stand,2026-04-22,258,472403
ATM1039,Andhra Pradesh,Vijayawada,Bus Stand,2026-04-23,193,435284
ATM1039,Andhra Pradesh,Vijayawada,Bus Stand,2026-04-24,187,458049
ATM1039,Andhra Pradesh,Vijayawada,Bus Stand,2026-04-25,324,577769
ATM1039,Andhra Pradesh,Vijayawada,Bus Stand,2026-04-26,369,575273
ATM1039,Andhra Pradesh,Vijayawada,Bus Stand,2026-04-27,159,455640
ATM1039,Andhra Pradesh,Vijayawada,Bus Stand,2026-04-28,231,472858
ATM1039,Andhra Pradesh,Vijayawada,Bus Stand,2026-04-29,212,456925
ATM1039,Andhra Pradesh,Vijayawada,Bus Stand,2026-04-30,220,442685
ATM1039,Andhra Pradesh,Vijayawada,Bus Stand,2026-05-01,164,466620
ATM1039,Andhra Pradesh,Vijayawada,Bus Stand,2026-05-02,229,574318
ATM1039,Andhra Pradesh,Vijayawada,Bus Stand,2026-05-03,208,564388
ATM1039,Andhra Pradesh,Vijayawada,Bus Stand,2026-05-04,269,455530
ATM1039,Andhra Pradesh,Vijayawada,Bus Stand,2026-05-05,207,459765
ATM1039,Andhra Pradesh,Vijayawada,Bus Stand,2026-05-06,207,453923
ATM1039,Andhra Pradesh,Vijayawada,Bus Stand,2026-05-07,229,480714
ATM1039,Andhra Pradesh,Vijayawada,Bus Stand,2026-05-08,173,469852
ATM1039,Andhra Pradesh,Vijayawada,Bus Stand,2026-05-09,337,564604
ATM1039,Andhra Pradesh,Vijayawada,Bus Stand,2026-05-10,375,572750
ATM1039,Andhra Pradesh,Vijayawada,Bus Stand,2026-05-11,172,485260
ATM1039,Andhra Pradesh,Vijayawada,Bus Stand,2026-05-12,183,464476
ATM1039,Andhra Pradesh,Vijayawada,Bus Stand,2026-05-13,198,460505
ATM1039,Andhra Pradesh,Vijayawada,Bus Stand,2026-05-14,235,469068
ATM1039,Andhra Pradesh,Vijayawada,Bus Stand,2026-05-15,196,469979
ATM1039,Andhra Pradesh,Vijayawada,Bus Stand,2026-05-16,267,574536
ATM1039,Andhra Pradesh,Vijayawada,Bus Stand,2026-05-17,351,591316
ATM1039,Andhra Pradesh,Vijayawada,Bus Stand,2026-05-18,266,449036
ATM1039,Andhra Pradesh,Vijayawada,Bus Stand,2026-05-19,175,487639
ATM1039,Andhra Pradesh,Vijayawada,Bus Stand,2026-05-20,230,475520
ATM1039,Andhra Pradesh,Vijayawada,Bus Stand,2026-05-21,191,473806
ATM1039,Andhra Pradesh,Vijayawada,Bus Stand,2026-05-22,160,463121
ATM1039,Andhra Pradesh,Vijayawada,Bus Stand,2026-05-23,262,564249
ATM1039,Andhra Pradesh,Vijayawada,Bus Stand,2026-05-24,385,586884
ATM1039,Andhra Pradesh,Vijayawada,Bus Stand,2026-05-25,307,474067
ATM1040,Karnataka,Bangalore,Residential Area,2026-04-16,124,324646
ATM1040,Karnataka,Bangalore,Residential Area,2026-04-17,134,309815
ATM1040,Karnataka,Bangalore,Residential Area,2026-04-18,128,383083
ATM1040,Karnataka,Bangalore,Residential Area,2026-04-19,136,390368
ATM1040,Karnataka,Bangalore,Residential Area,2026-04-20,143,298596
ATM1040,Karnataka,Bangalore,Residential Area,2026-04-21,117,306695
ATM1040,Karnataka,Bangalore,Residential Area,2026-04-22,106,314549
ATM1040,Karnataka,Bangalore,Residential Area,2026-04-23,132,297603
ATM1040,Karnataka,Bangalore,Residential Area,2026-04-24,186,312886
ATM1040,Karnataka,Bangalore,Residential Area,2026-04-25,234,378973
ATM1040,Karnataka,Bangalore,Residential Area,2026-04-26,171,373543
ATM1040,Karnataka,Bangalore,Residential Area,2026-04-27,122,323995
ATM1040,Karnataka,Bangalore,Residential Area,2026-04-28,119,308551
ATM1040,Karnataka,Bangalore,Residential Area,2026-04-29,110,324335
ATM1040,Karnataka,Bangalore,Residential Area,2026-04-30,214,338114
ATM1040,Karnataka,Bangalore,Residential Area,2026-05-01,121,310008
ATM1040,Karnataka,Bangalore,Residential Area,2026-05-02,126,374502
ATM1040,Karnataka,Bangalore,Residential Area,2026-05-03,158,381257
ATM1040,Karnataka,Bangalore,Residential Area,2026-05-04,110,298331
ATM1040,Karnataka,Bangalore,Residential Area,2026-05-05,128,323580
ATM1040,Karnataka,Bangalore,Residential Area,2026-05-06,126,323770
ATM1040,Karnataka,Bangalore,Residential Area,2026-05-07,199,314105
ATM1040,Karnataka,Bangalore,Residential Area,2026-05-08,177,320663
ATM1040,Karnataka,Bangalore,Residential Area,2026-05-09,139,392032
ATM1040,Karnataka,Bangalore,Residential Area,2026-05-10,125,367632
ATM1040,Karnataka,Bangalore,Residential Area,2026-05-11,149,298639
ATM1040,Karnataka,Bangalore,Residential Area,2026-05-12,199,302426
ATM1040,Karnataka,Bangalore,Residential Area,2026-05-13,168,303630
ATM1040,Karnataka,Bangalore,Residential Area,2026-05-14,113,321258
ATM1040,Karnataka,Bangalore,Residential Area,2026-05-15,146,299605
ATM1040,Karnataka,Bangalore,Residential Area,2026-05-16,250,390571
ATM1040,Karnataka,Bangalore,Residential Area,2026-05-17,152,387414
ATM1040,Karnataka,Bangalore,Residential Area,2026-05-18,160,316121
ATM1040,Karnataka,Bangalore,Residential Area,2026-05-19,115,314612
ATM1040,Karnataka,Bangalore,Residential Area,2026-05-20,106,314660
ATM1040,Karnataka,Bangalore,Residential Area,2026-05-21,162,292887
ATM1040,Karnataka,Bangalore,Residential Area,2026-05-22,179,290999
ATM1040,Karnataka,Bangalore,Residential Area,2026-05-23,252,411388
ATM1040,Karnataka,Bangalore,Residential Area,2026-05-24,244,401252
ATM1040,Karnataka,Bangalore,Residential Area,2026-05-25,189,323651
ATM1041,Tamil Nadu,Coimbatore,Airport,2026-04-16,167,305385
ATM1041,Tamil Nadu,Coimbatore,Airport,2026-04-17,129,335310
ATM1041,Tamil Nadu,Coimbatore,Airport,2026-04-18,150,415059
ATM1041,Tamil Nadu,Coimbatore,Airport,2026-04-19,244,397283
ATM1041,Tamil Nadu,Coimbatore,Airport,2026-04-20,133,307823
ATM1041,Tamil Nadu,Coimbatore,Airport,2026-04-21,207,329976
ATM1041,Tamil Nadu,Coimbatore,Airport,2026-04-22,134,308470
ATM1041,Tamil Nadu,Coimbatore,Airport,2026-04-23,153,325908
ATM1041,Tamil Nadu,Coimbatore,Airport,2026-04-24,105,292915
ATM1041,Tamil Nadu,Coimbatore,Airport,2026-04-25,128,366763
ATM1041,Tamil Nadu,Coimbatore,Airport,2026-04-26,144,392017
ATM1041,Tamil Nadu,Coimbatore,Airport,2026-04-27,197,314226
ATM1041,Tamil Nadu,Coimbatore,Airport,2026-04-28,122,290849
ATM1041,Tamil Nadu,Coimbatore,Airport,2026-04-29,201,332244
ATM1041,Tamil Nadu,Coimbatore,Airport,2026-04-30,142,336469
ATM1041,Tamil Nadu,Coimbatore,Airport,2026-05-01,156,331410
ATM1041,Tamil Nadu,Coimbatore,Airport,2026-05-02,165,417258
ATM1041,Tamil Nadu,Coimbatore,Airport,2026-05-03,119,358211
ATM1041,Tamil Nadu,Coimbatore,Airport,2026-05-04,122,333762
ATM1041,Tamil Nadu,Coimbatore,Airport,2026-05-05,131,315687
ATM1041,Tamil Nadu,Coimbatore,Airport,2026-05-06,106,315471
ATM1041,Tamil Nadu,Coimbatore,Airport,2026-05-07,141,331947
ATM1041,Tamil Nadu,Coimbatore,Airport,2026-05-08,137,283945
ATM1041,Tamil Nadu,Coimbatore,Airport,2026-05-09,240,410342
ATM1041,Tamil Nadu,Coimbatore,Airport,2026-05-10,199,376684
ATM1041,Tamil Nadu,Coimbatore,Airport,2026-05-11,114,297360
ATM1041,Tamil Nadu,Coimbatore,Airport,2026-05-12,124,329080
ATM1041,Tamil Nadu,Coimbatore,Airport,2026-05-13,110,319580
ATM1041,Tamil Nadu,Coimbatore,Airport,2026-05-14,196,313078
ATM1041,Tamil Nadu,Coimbatore,Airport,2026-05-15,133,301849
ATM1041,Tamil Nadu,Coimbatore,Airport,2026-05-16,141,381748
ATM1041,Tamil Nadu,Coimbatore,Airport,2026-05-17,240,383310
ATM1041,Tamil Nadu,Coimbatore,Airport,2026-05-18,142,325804
ATM1041,Tamil Nadu,Coimbatore,Airport,2026-05-19,143,308381
ATM1041,Tamil Nadu,Coimbatore,Airport,2026-05-20,155,300959
ATM1041,Tamil Nadu,Coimbatore,Airport,2026-05-21,186,318997
ATM1041,Tamil Nadu,Coimbatore,Airport,2026-05-22,140,312479
ATM1041,Tamil Nadu,Coimbatore,Airport,2026-05-23,213,397193
ATM1041,Tamil Nadu,Coimbatore,Airport,2026-05-24,250,386747
ATM1041,Tamil Nadu,Coimbatore,Airport,2026-05-25,120,306964
ATM1042,Gujarat,Surat,Bus Stand,2026-04-16,16,41707
ATM1042,Gujarat,Surat,Bus Stand,2026-04-17,47,73660
ATM1042,Gujarat,Surat,Bus Stand,2026-04-18,18,45311
ATM1042,Gujarat,Surat,Bus Stand,2026-04-19,20,49369
ATM1042,Gujarat,Surat,Bus Stand,2026-04-20,26,53789
ATM1042,Gujarat,Surat,Bus Stand,2026-04-21,28,50365
ATM1042,Gujarat,Surat,Bus Stand,2026-04-22,37,59248
ATM1042,Gujarat,Surat,Bus Stand,2026-04-23,28,73799
ATM1042,Gujarat,Surat,Bus Stand,2026-04-24,24,47174
ATM1042,Gujarat,Surat,Bus Stand,2026-04-25,35,65248
ATM1042,Gujarat,Surat,Bus Stand,2026-04-26,31,56894
ATM1042,Gujarat,Surat,Bus Stand,2026-04-27,18,42789
ATM1042,Gujarat,Surat,Bus Stand,2026-04-28,5,10000
ATM1042,Gujarat,Surat,Bus Stand,2026-04-29,19,45427
ATM1042,Gujarat,Surat,Bus Stand,2026-04-30,24,59583
ATM1042,Gujarat,Surat,Bus Stand,2026-05-01,30,70780
ATM1042,Gujarat,Surat,Bus Stand,2026-05-02,42,71109
ATM1042,Gujarat,Surat,Bus Stand,2026-05-03,33,53409
ATM1042,Gujarat,Surat,Bus Stand,2026-05-04,25,45541
ATM1042,Gujarat,Surat,Bus Stand,2026-05-05,18,42098
ATM1042,Gujarat,Surat,Bus Stand,2026-05-06,17,45371
ATM1042,Gujarat,Surat,Bus Stand,2026-05-07,13,30861
ATM1042,Gujarat,Surat,Bus Stand,2026-05-08,40,65469
ATM1042,Gujarat,Surat,Bus Stand,2026-05-09,27,49360
ATM1042,Gujarat,Surat,Bus Stand,2026-05-10,20,59686
ATM1042,Gujarat,Surat,Bus Stand,2026-05-11,22,59765
ATM1042,Gujarat,Surat,Bus Stand,2026-05-12,24,55707
ATM1042,Gujarat,Surat,Bus Stand,2026-05-13,26,47694
ATM1042,Gujarat,Surat,Bus Stand,2026-05-14,23,42649
ATM1042,Gujarat,Surat,Bus Stand,2026-05-15,16,49177
ATM1042,Gujarat,Surat,Bus Stand,2026-05-16,11,35010
ATM1042,Gujarat,Surat,Bus Stand,2026-05-17,38,67329
ATM1042,Gujarat,Surat,Bus Stand,2026-05-18,37,65753
ATM1042,Gujarat,Surat,Bus Stand,2026-05-19,29,57716
ATM1042,Gujarat,Surat,Bus Stand,2026-05-20,15,41773
ATM1042,Gujarat,Surat,Bus Stand,2026-05-21,36,62264
ATM1042,Gujarat,Surat,Bus Stand,2026-05-22,23,67712
ATM1042,Gujarat,Surat,Bus Stand,2026-05-23,16,30755
ATM1042,Gujarat,Surat,Bus Stand,2026-05-24,23,67827
ATM1042,Gujarat,Surat,Bus Stand,2026-05-25,25,45557
ATM1043,Delhi,New Delhi,Market Area,2026-04-16,183,472409
ATM1043,Delhi,New Delhi,Market Area,2026-04-17,163,469774
ATM1043,Delhi,New Delhi,Market Area,2026-04-18,222,612991
ATM1043,Delhi,New Delhi,Market Area,2026-04-19,218,574841
ATM1043,Delhi,New Delhi,Market Area,2026-04-20,224,480519
ATM1043,Delhi,New Delhi,Market Area,2026-04-21,229,491562
ATM1043,Delhi,New Delhi,Market Area,2026-04-22,166,478888
ATM1043,Delhi,New Delhi,Market Area,2026-04-23,171,476465
ATM1043,Delhi,New Delhi,Market Area,2026-04-24,172,485139
ATM1043,Delhi,New Delhi,Market Area,2026-04-25,316,586484
ATM1043,Delhi,New Delhi,Market Area,2026-04-26,405,626282
ATM1043,Delhi,New Delhi,Market Area,2026-04-27,204,485681
ATM1043,Delhi,New Delhi,Market Area,2026-04-28,171,489573
ATM1043,Delhi,New Delhi,Market Area,2026-04-29,169,504210
ATM1043,Delhi,New Delhi,Market Area,2026-04-30,176,487657
ATM1043,Delhi,New Delhi,Market Area,2026-05-01,173,499781
ATM1043,Delhi,New Delhi,Market Area,2026-05-02,324,585502
ATM1043,Delhi,New Delhi,Market Area,2026-05-03,243,589709
ATM1043,Delhi,New Delhi,Market Area,2026-05-04,193,498158
ATM1043,Delhi,New Delhi,Market Area,2026-05-05,315,500403
ATM1043,Delhi,New Delhi,Market Area,2026-05-06,245,486377
ATM1043,Delhi,New Delhi,Market Area,2026-05-07,199,468445
ATM1043,Delhi,New Delhi,Market Area,2026-05-08,222,474601
ATM1043,Delhi,New Delhi,Market Area,2026-05-09,304,603241
ATM1043,Delhi,New Delhi,Market Area,2026-05-10,218,604743
ATM1043,Delhi,New Delhi,Market Area,2026-05-11,258,458465
ATM1043,Delhi,New Delhi,Market Area,2026-05-12,176,478817
ATM1043,Delhi,New Delhi,Market Area,2026-05-13,231,499733
ATM1043,Delhi,New Delhi,Market Area,2026-05-14,249,469219
ATM1043,Delhi,New Delhi,Market Area,2026-05-15,154,463494
ATM1043,Delhi,New Delhi,Market Area,2026-05-16,237,598594
ATM1043,Delhi,New Delhi,Market Area,2026-05-17,219,604961
ATM1043,Delhi,New Delhi,Market Area,2026-05-18,294,498444
ATM1043,Delhi,New Delhi,Market Area,2026-05-19,190,474591
ATM1043,Delhi,New Delhi,Market Area,2026-05-20,171,491776
ATM1043,Delhi,New Delhi,Market Area,2026-05-21,161,467129
ATM1043,Delhi,New Delhi,Market Area,2026-05-22,290,477369
ATM1043,Delhi,New Delhi,Market Area,2026-05-23,255,590758
ATM1043,Delhi,New Delhi,Market Area,2026-05-24,287,597740
ATM1043,Delhi,New Delhi,Market Area,2026-05-25,207,464665
ATM1044,Delhi,New Delhi,Bus Stand,2026-04-16,50,128365
ATM1044,Delhi,New Delhi,Bus Stand,2026-04-17,40,113270
ATM1044,Delhi,New Delhi,Bus Stand,2026-04-18,62,100366
ATM1044,Delhi,New Delhi,Bus Stand,2026-04-19,43,114565
ATM1044,Delhi,New Delhi,Bus Stand,2026-04-20,70,112125
ATM1044,Delhi,New Delhi,Bus Stand,2026-04-21,41,105041
ATM1044,Delhi,New Delhi,Bus Stand,2026-04-22,64,97522
ATM1044,Delhi,New Delhi,Bus Stand,2026-04-23,47,96221
ATM1044,Delhi,New Delhi,Bus Stand,2026-04-24,45,125292
ATM1044,Delhi,New Delhi,Bus Stand,2026-04-25,46,140554
ATM1044,Delhi,New Delhi,Bus Stand,2026-04-26,60,149122
ATM1044,Delhi,New Delhi,Bus Stand,2026-04-27,43,108100
ATM1044,Delhi,New Delhi,Bus Stand,2026-04-28,43,109967
ATM1044,Delhi,New Delhi,Bus Stand,2026-04-29,35,100011
ATM1044,Delhi,New Delhi,Bus Stand,2026-04-30,37,97361
ATM1044,Delhi,New Delhi,Bus Stand,2026-05-01,62,96919
ATM1044,Delhi,New Delhi,Bus Stand,2026-05-02,45,132968
ATM1044,Delhi,New Delhi,Bus Stand,2026-05-03,59,149421
ATM1044,Delhi,New Delhi,Bus Stand,2026-05-04,46,90697
ATM1044,Delhi,New Delhi,Bus Stand,2026-05-05,34,62986
ATM1044,Delhi,New Delhi,Bus Stand,2026-05-06,46,77975
ATM1044,Delhi,New Delhi,Bus Stand,2026-05-07,83,135374
ATM1044,Delhi,New Delhi,Bus Stand,2026-05-08,34,96960
ATM1044,Delhi,New Delhi,Bus Stand,2026-05-09,49,111277
ATM1044,Delhi,New Delhi,Bus Stand,2026-05-10,62,150403
ATM1044,Delhi,New Delhi,Bus Stand,2026-05-11,67,137144
ATM1044,Delhi,New Delhi,Bus Stand,2026-05-12,37,101750
ATM1044,Delhi,New Delhi,Bus Stand,2026-05-13,78,128042
ATM1044,Delhi,New Delhi,Bus Stand,2026-05-14,44,130903
ATM1044,Delhi,New Delhi,Bus Stand,2026-05-15,31,74681
ATM1044,Delhi,New Delhi,Bus Stand,2026-05-16,62,130117
ATM1044,Delhi,New Delhi,Bus Stand,2026-05-17,48,109015
ATM1044,Delhi,New Delhi,Bus Stand,2026-05-18,58,105833
ATM1044,Delhi,New Delhi,Bus Stand,2026-05-19,73,129983
ATM1044,Delhi,New Delhi,Bus Stand,2026-05-20,29,78928
ATM1044,Delhi,New Delhi,Bus Stand,2026-05-21,57,119266
ATM1044,Delhi,New Delhi,Bus Stand,2026-05-22,61,94954
ATM1044,Delhi,New Delhi,Bus Stand,2026-05-23,61,103004
ATM1044,Delhi,New Delhi,Bus Stand,2026-05-24,46,135449
ATM1044,Delhi,New Delhi,Bus Stand,2026-05-25,50,113074
ATM1045,Tamil Nadu,Madurai,Petrol Bunk,2026-04-16,159,398781
ATM1045,Tamil Nadu,Madurai,Petrol Bunk,2026-04-17,190,396973
ATM1045,Tamil Nadu,Madurai,Petrol Bunk,2026-04-18,174,498502
ATM1045,Tamil Nadu,Madurai,Petrol Bunk,2026-04-19,310,486474
ATM1045,Tamil Nadu,Madurai,Petrol Bunk,2026-04-20,228,378383
ATM1045,Tamil Nadu,Madurai,Petrol Bunk,2026-04-21,226,388069
ATM1045,Tamil Nadu,Madurai,Petrol Bunk,2026-04-22,158,385170
ATM1045,Tamil Nadu,Madurai,Petrol Bunk,2026-04-23,219,373472
ATM1045,Tamil Nadu,Madurai,Petrol Bunk,2026-04-24,136,387879
ATM1045,Tamil Nadu,Madurai,Petrol Bunk,2026-04-25,166,467405
ATM1045,Tamil Nadu,Madurai,Petrol Bunk,2026-04-26,212,510059
ATM1045,Tamil Nadu,Madurai,Petrol Bunk,2026-04-27,138,390039
ATM1045,Tamil Nadu,Madurai,Petrol Bunk,2026-04-28,182,375788
ATM1045,Tamil Nadu,Madurai,Petrol Bunk,2026-04-29,165,386515
ATM1045,Tamil Nadu,Madurai,Petrol Bunk,2026-04-30,123,368111
ATM1045,Tamil Nadu,Madurai,Petrol Bunk,2026-05-01,203,381771
ATM1045,Tamil Nadu,Madurai,Petrol Bunk,2026-05-02,242,460999
ATM1045,Tamil Nadu,Madurai,Petrol Bunk,2026-05-03,215,477410
ATM1045,Tamil Nadu,Madurai,Petrol Bunk,2026-05-04,187,391402
ATM1045,Tamil Nadu,Madurai,Petrol Bunk,2026-05-05,233,393476
ATM1045,Tamil Nadu,Madurai,Petrol Bunk,2026-05-06,263,409045
ATM1045,Tamil Nadu,Madurai,Petrol Bunk,2026-05-07,145,400439
ATM1045,Tamil Nadu,Madurai,Petrol Bunk,2026-05-08,136,404893
ATM1045,Tamil Nadu,Madurai,Petrol Bunk,2026-05-09,233,483240
ATM1045,Tamil Nadu,Madurai,Petrol Bunk,2026-05-10,280,484873
ATM1045,Tamil Nadu,Madurai,Petrol Bunk,2026-05-11,149,383656
ATM1045,Tamil Nadu,Madurai,Petrol Bunk,2026-05-12,185,389093
ATM1045,Tamil Nadu,Madurai,Petrol Bunk,2026-05-13,184,379023
ATM1045,Tamil Nadu,Madurai,Petrol Bunk,2026-05-14,139,380740
ATM1045,Tamil Nadu,Madurai,Petrol Bunk,2026-05-15,243,366027
ATM1045,Tamil Nadu,Madurai,Petrol Bunk,2026-05-16,293,476169
ATM1045,Tamil Nadu,Madurai,Petrol Bunk,2026-05-17,292,490498
ATM1045,Tamil Nadu,Madurai,Petrol Bunk,2026-05-18,125,373751
ATM1045,Tamil Nadu,Madurai,Petrol Bunk,2026-05-19,228,390357
ATM1045,Tamil Nadu,Madurai,Petrol Bunk,2026-05-20,145,411557
ATM1045,Tamil Nadu,Madurai,Petrol Bunk,2026-05-21,245,373741
ATM1045,Tamil Nadu,Madurai,Petrol Bunk,2026-05-22,164,366440
ATM1045,Tamil Nadu,Madurai,Petrol Bunk,2026-05-23,311,478594
ATM1045,Tamil Nadu,Madurai,Petrol Bunk,2026-05-24,189,468714
ATM1045,Tamil Nadu,Madurai,Petrol Bunk,2026-05-25,171,372275
ATM1046,Andhra Pradesh,Visakhapatnam,Railway Station,2026-04-16,102,296829
ATM1046,Andhra Pradesh,Visakhapatnam,Railway Station,2026-04-17,132,290534
ATM1046,Andhra Pradesh,Visakhapatnam,Railway Station,2026-04-18,177,379563
ATM1046,Andhra Pradesh,Visakhapatnam,Railway Station,2026-04-19,160,324864
ATM1046,Andhra Pradesh,Visakhapatnam,Railway Station,2026-04-20,108,282061
ATM1046,Andhra Pradesh,Visakhapatnam,Railway Station,2026-04-21,110,286790
ATM1046,Andhra Pradesh,Visakhapatnam,Railway Station,2026-04-22,187,319830
ATM1046,Andhra Pradesh,Visakhapatnam,Railway Station,2026-04-23,106,273128
ATM1046,Andhra Pradesh,Visakhapatnam,Railway Station,2026-04-24,137,282961
ATM1046,Andhra Pradesh,Visakhapatnam,Railway Station,2026-04-25,188,339791
ATM1046,Andhra Pradesh,Visakhapatnam,Railway Station,2026-04-26,175,373843
ATM1046,Andhra Pradesh,Visakhapatnam,Railway Station,2026-04-27,141,288949
ATM1046,Andhra Pradesh,Visakhapatnam,Railway Station,2026-04-28,108,298316
ATM1046,Andhra Pradesh,Visakhapatnam,Railway Station,2026-04-29,133,293084
ATM1046,Andhra Pradesh,Visakhapatnam,Railway Station,2026-04-30,108,291852
ATM1046,Andhra Pradesh,Visakhapatnam,Railway Station,2026-05-01,122,274150
ATM1046,Andhra Pradesh,Visakhapatnam,Railway Station,2026-05-02,167,331618
ATM1046,Andhra Pradesh,Visakhapatnam,Railway Station,2026-05-03,158,379086
ATM1046,Andhra Pradesh,Visakhapatnam,Railway Station,2026-05-04,103,279617
ATM1046,Andhra Pradesh,Visakhapatnam,Railway Station,2026-05-05,132,299834
ATM1046,Andhra Pradesh,Visakhapatnam,Railway Station,2026-05-06,168,266382
ATM1046,Andhra Pradesh,Visakhapatnam,Railway Station,2026-05-07,139,291597
ATM1046,Andhra Pradesh,Visakhapatnam,Railway Station,2026-05-08,99,285604
ATM1046,Andhra Pradesh,Visakhapatnam,Railway Station,2026-05-09,145,357033
ATM1046,Andhra Pradesh,Visakhapatnam,Railway Station,2026-05-10,198,358128
ATM1046,Andhra Pradesh,Visakhapatnam,Railway Station,2026-05-11,119,279670
ATM1046,Andhra Pradesh,Visakhapatnam,Railway Station,2026-05-12,112,291102
ATM1046,Andhra Pradesh,Visakhapatnam,Railway Station,2026-05-13,102,289094
ATM1046,Andhra Pradesh,Visakhapatnam,Railway Station,2026-05-14,155,278027
ATM1046,Andhra Pradesh,Visakhapatnam,Railway Station,2026-05-15,130,311146
ATM1046,Andhra Pradesh,Visakhapatnam,Railway Station,2026-05-16,225,388395
ATM1046,Andhra Pradesh,Visakhapatnam,Railway Station,2026-05-17,121,364697
ATM1046,Andhra Pradesh,Visakhapatnam,Railway Station,2026-05-18,184,293189
ATM1046,Andhra Pradesh,Visakhapatnam,Railway Station,2026-05-19,124,284467
ATM1046,Andhra Pradesh,Visakhapatnam,Railway Station,2026-05-20,107,281947
ATM1046,Andhra Pradesh,Visakhapatnam,Railway Station,2026-05-21,117,290338
ATM1046,Andhra Pradesh,Visakhapatnam,Railway Station,2026-05-22,93,253551
ATM1046,Andhra Pradesh,Visakhapatnam,Railway Station,2026-05-23,188,390311
ATM1046,Andhra Pradesh,Visakhapatnam,Railway Station,2026-05-24,188,357615
ATM1046,Andhra Pradesh,Visakhapatnam,Railway Station,2026-05-25,176,282798
ATM1047,Telangana,Hyderabad,Bus Stand,2026-04-16,86,226993
ATM1047,Telangana,Hyderabad,Bus Stand,2026-04-17,127,255262
ATM1047,Telangana,Hyderabad,Bus Stand,2026-04-18,139,293123
ATM1047,Telangana,Hyderabad,Bus Stand,2026-04-19,108,277219
ATM1047,Telangana,Hyderabad,Bus Stand,2026-04-20,92,255880
ATM1047,Telangana,Hyderabad,Bus Stand,2026-04-21,139,248497
ATM1047,Telangana,Hyderabad,Bus Stand,2026-04-22,128,234943
ATM1047,Telangana,Hyderabad,Bus Stand,2026-04-23,75,224347
ATM1047,Telangana,Hyderabad,Bus Stand,2026-04-24,83,233299
ATM1047,Telangana,Hyderabad,Bus Stand,2026-04-25,119,280960
ATM1047,Telangana,Hyderabad,Bus Stand,2026-04-26,124,317685
ATM1047,Telangana,Hyderabad,Bus Stand,2026-04-27,128,199389
ATM1047,Telangana,Hyderabad,Bus Stand,2026-04-28,83,246490
ATM1047,Telangana,Hyderabad,Bus Stand,2026-04-29,97,236563
ATM1047,Telangana,Hyderabad,Bus Stand,2026-04-30,88,228572
ATM1047,Telangana,Hyderabad,Bus Stand,2026-05-01,100,220890
ATM1047,Telangana,Hyderabad,Bus Stand,2026-05-02,100,295852
ATM1047,Telangana,Hyderabad,Bus Stand,2026-05-03,104,305588
ATM1047,Telangana,Hyderabad,Bus Stand,2026-05-04,109,224177
ATM1047,Telangana,Hyderabad,Bus Stand,2026-05-05,84,230097
ATM1047,Telangana,Hyderabad,Bus Stand,2026-05-06,79,222752
ATM1047,Telangana,Hyderabad,Bus Stand,2026-05-07,106,220056
ATM1047,Telangana,Hyderabad,Bus Stand,2026-05-08,114,232638
ATM1047,Telangana,Hyderabad,Bus Stand,2026-05-09,98,277604
ATM1047,Telangana,Hyderabad,Bus Stand,2026-05-10,160,300692
ATM1047,Telangana,Hyderabad,Bus Stand,2026-05-11,130,245939
ATM1047,Telangana,Hyderabad,Bus Stand,2026-05-12,86,236947
ATM1047,Telangana,Hyderabad,Bus Stand,2026-05-13,118,215942
ATM1047,Telangana,Hyderabad,Bus Stand,2026-05-14,94,223004
ATM1047,Telangana,Hyderabad,Bus Stand,2026-05-15,134,242243
ATM1047,Telangana,Hyderabad,Bus Stand,2026-05-16,111,284860
ATM1047,Telangana,Hyderabad,Bus Stand,2026-05-17,136,304699
ATM1047,Telangana,Hyderabad,Bus Stand,2026-05-18,97,242417
ATM1047,Telangana,Hyderabad,Bus Stand,2026-05-19,117,251482
ATM1047,Telangana,Hyderabad,Bus Stand,2026-05-20,140,228114
ATM1047,Telangana,Hyderabad,Bus Stand,2026-05-21,79,237089
ATM1047,Telangana,Hyderabad,Bus Stand,2026-05-22,104,229556
ATM1047,Telangana,Hyderabad,Bus Stand,2026-05-23,97,285335
ATM1047,Telangana,Hyderabad,Bus Stand,2026-05-24,112,304451
ATM1047,Telangana,Hyderabad,Bus Stand,2026-05-25,128,218674
ATM1048,Tamil Nadu,Madurai,Airport,2026-04-16,20,56524
ATM1048,Tamil Nadu,Madurai,Airport,2026-04-17,21,50608
ATM1048,Tamil Nadu,Madurai,Airport,2026-04-18,26,46436
ATM1048,Tamil Nadu,Madurai,Airport,2026-04-19,39,65468
ATM1048,Tamil Nadu,Madurai,Airport,2026-04-20,27,46235
ATM1048,Tamil Nadu,Madurai,Airport,2026-04-21,46,91797
ATM1048,Tamil Nadu,Madurai,Airport,2026-04-22,26,78746
ATM1048,Tamil Nadu,Madurai,Airport,2026-04-23,23,66530
ATM1048,Tamil Nadu,Madurai,Airport,2026-04-24,22,42794
ATM1048,Tamil Nadu,Madurai,Airport,2026-04-25,36,81464
ATM1048,Tamil Nadu,Madurai,Airport,2026-04-26,61,104512
ATM1048,Tamil Nadu,Madurai,Airport,2026-04-27,36,56876
ATM1048,Tamil Nadu,Madurai,Airport,2026-04-28,20,48959
ATM1048,Tamil Nadu,Madurai,Airport,2026-04-29,21,51646
ATM1048,Tamil Nadu,Madurai,Airport,2026-04-30,35,83073
ATM1048,Tamil Nadu,Madurai,Airport,2026-05-01,23,67093
ATM1048,Tamil Nadu,Madurai,Airport,2026-05-02,41,90965
ATM1048,Tamil Nadu,Madurai,Airport,2026-05-03,34,55798
ATM1048,Tamil Nadu,Madurai,Airport,2026-05-04,26,54367
ATM1048,Tamil Nadu,Madurai,Airport,2026-05-05,39,79304
ATM1048,Tamil Nadu,Madurai,Airport,2026-05-06,18,44839
ATM1048,Tamil Nadu,Madurai,Airport,2026-05-07,32,71332
ATM1048,Tamil Nadu,Madurai,Airport,2026-05-08,45,92045
ATM1048,Tamil Nadu,Madurai,Airport,2026-05-09,50,84465
ATM1048,Tamil Nadu,Madurai,Airport,2026-05-10,41,81637
ATM1048,Tamil Nadu,Madurai,Airport,2026-05-11,26,74697
ATM1048,Tamil Nadu,Madurai,Airport,2026-05-12,23,66746
ATM1048,Tamil Nadu,Madurai,Airport,2026-05-13,18,48647
ATM1048,Tamil Nadu,Madurai,Airport,2026-05-14,42,87870
ATM1048,Tamil Nadu,Madurai,Airport,2026-05-15,36,68590
ATM1048,Tamil Nadu,Madurai,Airport,2026-05-16,50,91288
ATM1048,Tamil Nadu,Madurai,Airport,2026-05-17,30,87467
ATM1048,Tamil Nadu,Madurai,Airport,2026-05-18,31,63839
ATM1048,Tamil Nadu,Madurai,Airport,2026-05-19,27,69445
ATM1048,Tamil Nadu,Madurai,Airport,2026-05-20,19,48443
ATM1048,Tamil Nadu,Madurai,Airport,2026-05-21,33,61574
ATM1048,Tamil Nadu,Madurai,Airport,2026-05-22,32,78155
ATM1048,Tamil Nadu,Madurai,Airport,2026-05-23,43,103552
ATM1048,Tamil Nadu,Madurai,Airport,2026-05-24,36,104333
ATM1048,Tamil Nadu,Madurai,Airport,2026-05-25,31,61975
ATM1049,Tamil Nadu,Madurai,IT Park,2026-04-16,169,420774
ATM1049,Tamil Nadu,Madurai,IT Park,2026-04-17,144,428731
ATM1049,Tamil Nadu,Madurai,IT Park,2026-04-18,295,545159
ATM1049,Tamil Nadu,Madurai,IT Park,2026-04-19,334,514116
ATM1049,Tamil Nadu,Madurai,IT Park,2026-04-20,143,404545
ATM1049,Tamil Nadu,Madurai,IT Park,2026-04-21,142,391732
ATM1049,Tamil Nadu,Madurai,IT Park,2026-04-22,159,418463
ATM1049,Tamil Nadu,Madurai,IT Park,2026-04-23,166,415628
ATM1049,Tamil Nadu,Madurai,IT Park,2026-04-24,157,406864
ATM1049,Tamil Nadu,Madurai,IT Park,2026-04-25,205,514377
ATM1049,Tamil Nadu,Madurai,IT Park,2026-04-26,258,488909
ATM1049,Tamil Nadu,Madurai,IT Park,2026-04-27,141,390248
ATM1049,Tamil Nadu,Madurai,IT Park,2026-04-28,191,409849
ATM1049,Tamil Nadu,Madurai,IT Park,2026-04-29,280,426950
ATM1049,Tamil Nadu,Madurai,IT Park,2026-04-30,191,421986
ATM1049,Tamil Nadu,Madurai,IT Park,2026-05-01,271,429250
ATM1049,Tamil Nadu,Madurai,IT Park,2026-05-02,213,510591
ATM1049,Tamil Nadu,Madurai,IT Park,2026-05-03,219,495198
ATM1049,Tamil Nadu,Madurai,IT Park,2026-05-04,158,426826
ATM1049,Tamil Nadu,Madurai,IT Park,2026-05-05,155,425959
ATM1049,Tamil Nadu,Madurai,IT Park,2026-05-06,135,392082
ATM1049,Tamil Nadu,Madurai,IT Park,2026-05-07,274,429696
ATM1049,Tamil Nadu,Madurai,IT Park,2026-05-08,180,422482
ATM1049,Tamil Nadu,Madurai,IT Park,2026-05-09,337,518401
ATM1049,Tamil Nadu,Madurai,IT Park,2026-05-10,248,524533
ATM1049,Tamil Nadu,Madurai,IT Park,2026-05-11,233,423265
ATM1049,Tamil Nadu,Madurai,IT Park,2026-05-12,273,424711
ATM1049,Tamil Nadu,Madurai,IT Park,2026-05-13,193,413022
ATM1049,Tamil Nadu,Madurai,IT Park,2026-05-14,172,442248
ATM1049,Tamil Nadu,Madurai,IT Park,2026-05-15,166,409713
ATM1049,Tamil Nadu,Madurai,IT Park,2026-05-16,226,515779
ATM1049,Tamil Nadu,Madurai,IT Park,2026-05-17,218,513955
ATM1049,Tamil Nadu,Madurai,IT Park,2026-05-18,132,383223
ATM1049,Tamil Nadu,Madurai,IT Park,2026-05-19,241,412663
ATM1049,Tamil Nadu,Madurai,IT Park,2026-05-20,240,409268
ATM1049,Tamil Nadu,Madurai,IT Park,2026-05-21,217,425807
ATM1049,Tamil Nadu,Madurai,IT Park,2026-05-22,127,376857
ATM1049,Tamil Nadu,Madurai,IT Park,2026-05-23,242,515642
ATM1049,Tamil Nadu,Madurai,IT Park,2026-05-24,280,519913
ATM1049,Tamil Nadu,Madurai,IT Park,2026-05-25,146,410460
ATM1050,Andhra Pradesh,Vijayawada,Railway Station,2026-04-16,25,43690
ATM1050,Andhra Pradesh,Vijayawada,Railway Station,2026-04-17,24,56939
ATM1050,Andhra Pradesh,Vijayawada,Railway Station,2026-04-18,35,65265
ATM1050,Andhra Pradesh,Vijayawada,Railway Station,2026-04-19,32,57923
ATM1050,Andhra Pradesh,Vijayawada,Railway Station,2026-04-20,29,85808
ATM1050,Andhra Pradesh,Vijayawada,Railway Station,2026-04-21,31,74864
ATM1050,Andhra Pradesh,Vijayawada,Railway Station,2026-04-22,32,55004
ATM1050,Andhra Pradesh,Vijayawada,Railway Station,2026-04-23,21,49178
ATM1050,Andhra Pradesh,Vijayawada,Railway Station,2026-04-24,24,50862
ATM1050,Andhra Pradesh,Vijayawada,Railway Station,2026-04-25,46,92640
ATM1050,Andhra Pradesh,Vijayawada,Railway Station,2026-04-26,37,88352
ATM1050,Andhra Pradesh,Vijayawada,Railway Station,2026-04-27,19,54679
ATM1050,Andhra Pradesh,Vijayawada,Railway Station,2026-04-28,45,74087
ATM1050,Andhra Pradesh,Vijayawada,Railway Station,2026-04-29,45,75791
ATM1050,Andhra Pradesh,Vijayawada,Railway Station,2026-04-30,21,57038
ATM1050,Andhra Pradesh,Vijayawada,Railway Station,2026-05-01,24,65735
ATM1050,Andhra Pradesh,Vijayawada,Railway Station,2026-05-02,30,62807
ATM1050,Andhra Pradesh,Vijayawada,Railway Station,2026-05-03,35,68313
ATM1050,Andhra Pradesh,Vijayawada,Railway Station,2026-05-04,20,46032
ATM1050,Andhra Pradesh,Vijayawada,Railway Station,2026-05-05,25,64000
ATM1050,Andhra Pradesh,Vijayawada,Railway Station,2026-05-06,24,41970
ATM1050,Andhra Pradesh,Vijayawada,Railway Station,2026-05-07,18,45817
ATM1050,Andhra Pradesh,Vijayawada,Railway Station,2026-05-08,31,62424
ATM1050,Andhra Pradesh,Vijayawada,Railway Station,2026-05-09,27,53121
ATM1050,Andhra Pradesh,Vijayawada,Railway Station,2026-05-10,39,94443
ATM1050,Andhra Pradesh,Vijayawada,Railway Station,2026-05-11,23,65039
ATM1050,Andhra Pradesh,Vijayawada,Railway Station,2026-05-12,27,50316
ATM1050,Andhra Pradesh,Vijayawada,Railway Station,2026-05-13,40,65140
ATM1050,Andhra Pradesh,Vijayawada,Railway Station,2026-05-14,25,67852
ATM1050,Andhra Pradesh,Vijayawada,Railway Station,2026-05-15,34,72948
ATM1050,Andhra Pradesh,Vijayawada,Railway Station,2026-05-16,27,70088
ATM1050,Andhra Pradesh,Vijayawada,Railway Station,2026-05-17,41,76763
ATM1050,Andhra Pradesh,Vijayawada,Railway Station,2026-05-18,17,50696
ATM1050,Andhra Pradesh,Vijayawada,Railway Station,2026-05-19,28,76141
ATM1050,Andhra Pradesh,Vijayawada,Railway Station,2026-05-20,26,56171
ATM1050,Andhra Pradesh,Vijayawada,Railway Station,2026-05-21,40,71742
ATM1050,Andhra Pradesh,Vijayawada,Railway Station,2026-05-22,35,75066
ATM1050,Andhra Pradesh,Vijayawada,Railway Station,2026-05-23,31,52529
ATM1050,Andhra Pradesh,Vijayawada,Railway Station,2026-05-24,24,50703
ATM1050,Andhra Pradesh,Vijayawada,Railway Station,2026-05-25,21,57104
ATM1051,Kerala,Trivandrum,Airport,2026-04-16,88,146207
ATM1051,Kerala,Trivandrum,Airport,2026-04-17,59,113919
ATM1051,Kerala,Trivandrum,Airport,2026-04-18,43,119113
ATM1051,Kerala,Trivandrum,Airport,2026-04-19,52,123518
ATM1051,Kerala,Trivandrum,Airport,2026-04-20,59,105107
ATM1051,Kerala,Trivandrum,Airport,2026-04-21,71,113025
ATM1051,Kerala,Trivandrum,Airport,2026-04-22,54,103528
ATM1051,Kerala,Trivandrum,Airport,2026-04-23,34,95831
ATM1051,Kerala,Trivandrum,Airport,2026-04-24,48,111895
ATM1051,Kerala,Trivandrum,Airport,2026-04-25,88,149436
ATM1051,Kerala,Trivandrum,Airport,2026-04-26,66,158837
ATM1051,Kerala,Trivandrum,Airport,2026-04-27,68,110586
ATM1051,Kerala,Trivandrum,Airport,2026-04-28,41,117531
ATM1051,Kerala,Trivandrum,Airport,2026-04-29,78,126092
ATM1051,Kerala,Trivandrum,Airport,2026-04-30,37,104013
ATM1051,Kerala,Trivandrum,Airport,2026-05-01,34,95165
ATM1051,Kerala,Trivandrum,Airport,2026-05-02,48,140229
ATM1051,Kerala,Trivandrum,Airport,2026-05-03,52,120859
ATM1051,Kerala,Trivandrum,Airport,2026-05-04,61,116798
ATM1051,Kerala,Trivandrum,Airport,2026-05-05,44,103356
ATM1051,Kerala,Trivandrum,Airport,2026-05-06,84,136131
ATM1051,Kerala,Trivandrum,Airport,2026-05-07,45,109030
ATM1051,Kerala,Trivandrum,Airport,2026-05-08,41,104996
ATM1051,Kerala,Trivandrum,Airport,2026-05-09,61,113695
ATM1051,Kerala,Trivandrum,Airport,2026-05-10,57,156356
ATM1051,Kerala,Trivandrum,Airport,2026-05-11,55,116749
ATM1051,Kerala,Trivandrum,Airport,2026-05-12,46,111632
ATM1051,Kerala,Trivandrum,Airport,2026-05-13,53,107055
ATM1051,Kerala,Trivandrum,Airport,2026-05-14,27,78323
ATM1051,Kerala,Trivandrum,Airport,2026-05-15,39,115310
ATM1051,Kerala,Trivandrum,Airport,2026-05-16,65,148529
ATM1051,Kerala,Trivandrum,Airport,2026-05-17,61,160837
ATM1051,Kerala,Trivandrum,Airport,2026-05-18,41,122803
ATM1051,Kerala,Trivandrum,Airport,2026-05-19,49,96164
ATM1051,Kerala,Trivandrum,Airport,2026-05-20,53,99671
ATM1051,Kerala,Trivandrum,Airport,2026-05-21,40,110767
ATM1051,Kerala,Trivandrum,Airport,2026-05-22,45,122668
ATM1051,Kerala,Trivandrum,Airport,2026-05-23,42,127279
ATM1051,Kerala,Trivandrum,Airport,2026-05-24,72,146424
ATM1051,Kerala,Trivandrum,Airport,2026-05-25,54,104825
ATM1052,Tamil Nadu,Coimbatore,Residential Area,2026-04-16,54,107974
ATM1052,Tamil Nadu,Coimbatore,Residential Area,2026-04-17,71,129311
ATM1052,Tamil Nadu,Coimbatore,Residential Area,2026-04-18,54,163038
ATM1052,Tamil Nadu,Coimbatore,Residential Area,2026-04-19,64,186096
ATM1052,Tamil Nadu,Coimbatore,Residential Area,2026-04-20,70,135187
ATM1052,Tamil Nadu,Coimbatore,Residential Area,2026-04-21,44,127855
ATM1052,Tamil Nadu,Coimbatore,Residential Area,2026-04-22,72,113779
ATM1052,Tamil Nadu,Coimbatore,Residential Area,2026-04-23,65,101458
ATM1052,Tamil Nadu,Coimbatore,Residential Area,2026-04-24,56,111531
ATM1052,Tamil Nadu,Coimbatore,Residential Area,2026-04-25,95,153292
ATM1052,Tamil Nadu,Coimbatore,Residential Area,2026-04-26,71,158452
ATM1052,Tamil Nadu,Coimbatore,Residential Area,2026-04-27,53,148992
ATM1052,Tamil Nadu,Coimbatore,Residential Area,2026-04-28,47,121863
ATM1052,Tamil Nadu,Coimbatore,Residential Area,2026-04-29,79,130326
ATM1052,Tamil Nadu,Coimbatore,Residential Area,2026-04-30,77,132366
ATM1052,Tamil Nadu,Coimbatore,Residential Area,2026-05-01,49,106900
ATM1052,Tamil Nadu,Coimbatore,Residential Area,2026-05-02,87,173017
ATM1052,Tamil Nadu,Coimbatore,Residential Area,2026-05-03,52,154082
ATM1052,Tamil Nadu,Coimbatore,Residential Area,2026-05-04,46,131978
ATM1052,Tamil Nadu,Coimbatore,Residential Area,2026-05-05,52,128287
ATM1052,Tamil Nadu,Coimbatore,Residential Area,2026-05-06,55,154358
ATM1052,Tamil Nadu,Coimbatore,Residential Area,2026-05-07,45,123208
ATM1052,Tamil Nadu,Coimbatore,Residential Area,2026-05-08,72,119978
ATM1052,Tamil Nadu,Coimbatore,Residential Area,2026-05-09,60,165483
ATM1052,Tamil Nadu,Coimbatore,Residential Area,2026-05-10,65,161353
ATM1052,Tamil Nadu,Coimbatore,Residential Area,2026-05-11,88,151063
ATM1052,Tamil Nadu,Coimbatore,Residential Area,2026-05-12,55,140060
ATM1052,Tamil Nadu,Coimbatore,Residential Area,2026-05-13,71,144444
ATM1052,Tamil Nadu,Coimbatore,Residential Area,2026-05-14,70,121527
ATM1052,Tamil Nadu,Coimbatore,Residential Area,2026-05-15,70,137013
ATM1052,Tamil Nadu,Coimbatore,Residential Area,2026-05-16,76,145308
ATM1052,Tamil Nadu,Coimbatore,Residential Area,2026-05-17,55,148622
ATM1052,Tamil Nadu,Coimbatore,Residential Area,2026-05-18,67,119399
ATM1052,Tamil Nadu,Coimbatore,Residential Area,2026-05-19,84,133314
ATM1052,Tamil Nadu,Coimbatore,Residential Area,2026-05-20,64,125993
ATM1052,Tamil Nadu,Coimbatore,Residential Area,2026-05-21,60,110851
ATM1052,Tamil Nadu,Coimbatore,Residential Area,2026-05-22,66,151662
ATM1052,Tamil Nadu,Coimbatore,Residential Area,2026-05-23,70,159803
ATM1052,Tamil Nadu,Coimbatore,Residential Area,2026-05-24,54,160445
ATM1052,Tamil Nadu,Coimbatore,Residential Area,2026-05-25,50,144569
ATM1053,Tamil Nadu,Coimbatore,Hospital,2026-04-16,138,359129
ATM1053,Tamil Nadu,Coimbatore,Hospital,2026-04-17,218,355811
ATM1053,Tamil Nadu,Coimbatore,Hospital,2026-04-18,167,466785
ATM1053,Tamil Nadu,Coimbatore,Hospital,2026-04-19,211,450610
ATM1053,Tamil Nadu,Coimbatore,Hospital,2026-04-20,172,334674
ATM1053,Tamil Nadu,Coimbatore,Hospital,2026-04-21,129,347300
ATM1053,Tamil Nadu,Coimbatore,Hospital,2026-04-22,138,376155
ATM1053,Tamil Nadu,Coimbatore,Hospital,2026-04-23,140,358960
ATM1053,Tamil Nadu,Coimbatore,Hospital,2026-04-24,179,373128
ATM1053,Tamil Nadu,Coimbatore,Hospital,2026-04-25,206,446823
ATM1053,Tamil Nadu,Coimbatore,Hospital,2026-04-26,178,449483
ATM1053,Tamil Nadu,Coimbatore,Hospital,2026-04-27,172,384818
ATM1053,Tamil Nadu,Coimbatore,Hospital,2026-04-28,130,374945
ATM1053,Tamil Nadu,Coimbatore,Hospital,2026-04-29,147,393117
ATM1053,Tamil Nadu,Coimbatore,Hospital,2026-04-30,123,352351
ATM1053,Tamil Nadu,Coimbatore,Hospital,2026-05-01,168,361966
ATM1053,Tamil Nadu,Coimbatore,Hospital,2026-05-02,172,459794
ATM1053,Tamil Nadu,Coimbatore,Hospital,2026-05-03,156,457111
ATM1053,Tamil Nadu,Coimbatore,Hospital,2026-05-04,182,375646
ATM1053,Tamil Nadu,Coimbatore,Hospital,2026-05-05,175,361505
ATM1053,Tamil Nadu,Coimbatore,Hospital,2026-05-06,134,384123
ATM1053,Tamil Nadu,Coimbatore,Hospital,2026-05-07,134,386939
ATM1053,Tamil Nadu,Coimbatore,Hospital,2026-05-08,144,377072
ATM1053,Tamil Nadu,Coimbatore,Hospital,2026-05-09,292,470159
ATM1053,Tamil Nadu,Coimbatore,Hospital,2026-05-10,295,479851
ATM1053,Tamil Nadu,Coimbatore,Hospital,2026-05-11,129,369730
ATM1053,Tamil Nadu,Coimbatore,Hospital,2026-05-12,142,388645
ATM1053,Tamil Nadu,Coimbatore,Hospital,2026-05-13,158,382686
ATM1053,Tamil Nadu,Coimbatore,Hospital,2026-05-14,129,380437
ATM1053,Tamil Nadu,Coimbatore,Hospital,2026-05-15,135,369831
ATM1053,Tamil Nadu,Coimbatore,Hospital,2026-05-16,277,453894
ATM1053,Tamil Nadu,Coimbatore,Hospital,2026-05-17,155,462700
ATM1053,Tamil Nadu,Coimbatore,Hospital,2026-05-18,229,387524
ATM1053,Tamil Nadu,Coimbatore,Hospital,2026-05-19,150,384318
ATM1053,Tamil Nadu,Coimbatore,Hospital,2026-05-20,152,371292
ATM1053,Tamil Nadu,Coimbatore,Hospital,2026-05-21,174,363609
ATM1053,Tamil Nadu,Coimbatore,Hospital,2026-05-22,176,374679
ATM1053,Tamil Nadu,Coimbatore,Hospital,2026-05-23,237,467497
ATM1053,Tamil Nadu,Coimbatore,Hospital,2026-05-24,170,487236
ATM1053,Tamil Nadu,Coimbatore,Hospital,2026-05-25,199,361542
ATM1054,Maharashtra,Pune,Residential Area,2026-04-16,154,353019
ATM1054,Maharashtra,Pune,Residential Area,2026-04-17,141,344846
ATM1054,Maharashtra,Pune,Residential Area,2026-04-18,146,417451
ATM1054,Maharashtra,Pune,Residential Area,2026-04-19,185,452551
ATM1054,Maharashtra,Pune,Residential Area,2026-04-20,195,346524
ATM1054,Maharashtra,Pune,Residential Area,2026-04-21,190,356004
ATM1054,Maharashtra,Pune,Residential Area,2026-04-22,187,348974
ATM1054,Maharashtra,Pune,Residential Area,2026-04-23,239,361645
ATM1054,Maharashtra,Pune,Residential Area,2026-04-24,179,348490
ATM1054,Maharashtra,Pune,Residential Area,2026-04-25,219,412102
ATM1054,Maharashtra,Pune,Residential Area,2026-04-26,158,444713
ATM1054,Maharashtra,Pune,Residential Area,2026-04-27,217,352605
ATM1054,Maharashtra,Pune,Residential Area,2026-04-28,123,331438
ATM1054,Maharashtra,Pune,Residential Area,2026-04-29,170,348454
ATM1054,Maharashtra,Pune,Residential Area,2026-04-30,153,329334
ATM1054,Maharashtra,Pune,Residential Area,2026-05-01,229,354736
ATM1054,Maharashtra,Pune,Residential Area,2026-05-02,178,448051
ATM1054,Maharashtra,Pune,Residential Area,2026-05-03,193,429051
ATM1054,Maharashtra,Pune,Residential Area,2026-05-04,114,341141
ATM1054,Maharashtra,Pune,Residential Area,2026-05-05,171,376549
ATM1054,Maharashtra,Pune,Residential Area,2026-05-06,112,329480
ATM1054,Maharashtra,Pune,Residential Area,2026-05-07,133,356222
ATM1054,Maharashtra,Pune,Residential Area,2026-05-08,221,379256
ATM1054,Maharashtra,Pune,Residential Area,2026-05-09,261,450015
ATM1054,Maharashtra,Pune,Residential Area,2026-05-10,180,413440
ATM1054,Maharashtra,Pune,Residential Area,2026-05-11,189,367920
ATM1054,Maharashtra,Pune,Residential Area,2026-05-12,144,338726
ATM1054,Maharashtra,Pune,Residential Area,2026-05-13,122,358830
ATM1054,Maharashtra,Pune,Residential Area,2026-05-14,189,323775
ATM1054,Maharashtra,Pune,Residential Area,2026-05-15,164,351126
ATM1054,Maharashtra,Pune,Residential Area,2026-05-16,229,438718
ATM1054,Maharashtra,Pune,Residential Area,2026-05-17,155,439858
ATM1054,Maharashtra,Pune,Residential Area,2026-05-18,131,383406
ATM1054,Maharashtra,Pune,Residential Area,2026-05-19,121,342362
ATM1054,Maharashtra,Pune,Residential Area,2026-05-20,200,329579
ATM1054,Maharashtra,Pune,Residential Area,2026-05-21,183,365468
ATM1054,Maharashtra,Pune,Residential Area,2026-05-22,169,382937
ATM1054,Maharashtra,Pune,Residential Area,2026-05-23,276,416198
ATM1054,Maharashtra,Pune,Residential Area,2026-05-24,185,422435
ATM1054,Maharashtra,Pune,Residential Area,2026-05-25,123,365901
ATM1055,Tamil Nadu,Chennai,Bus Stand,2026-04-16,146,431897
ATM1055,Tamil Nadu,Chennai,Bus Stand,2026-04-17,148,423122
ATM1055,Tamil Nadu,Chennai,Bus Stand,2026-04-18,236,517586
ATM1055,Tamil Nadu,Chennai,Bus Stand,2026-04-19,339,516248
ATM1055,Tamil Nadu,Chennai,Bus Stand,2026-04-20,176,445903
ATM1055,Tamil Nadu,Chennai,Bus Stand,2026-04-21,244,436490
ATM1055,Tamil Nadu,Chennai,Bus Stand,2026-04-22,147,398786
ATM1055,Tamil Nadu,Chennai,Bus Stand,2026-04-23,183,414020
ATM1055,Tamil Nadu,Chennai,Bus Stand,2026-04-24,199,444894
ATM1055,Tamil Nadu,Chennai,Bus Stand,2026-04-25,192,498051
ATM1055,Tamil Nadu,Chennai,Bus Stand,2026-04-26,246,517454
ATM1055,Tamil Nadu,Chennai,Bus Stand,2026-04-27,277,436172
ATM1055,Tamil Nadu,Chennai,Bus Stand,2026-04-28,156,415495
ATM1055,Tamil Nadu,Chennai,Bus Stand,2026-04-29,162,448931
ATM1055,Tamil Nadu,Chennai,Bus Stand,2026-04-30,241,434430
ATM1055,Tamil Nadu,Chennai,Bus Stand,2026-05-01,218,424388
ATM1055,Tamil Nadu,Chennai,Bus Stand,2026-05-02,184,515070
ATM1055,Tamil Nadu,Chennai,Bus Stand,2026-05-03,211,537766
ATM1055,Tamil Nadu,Chennai,Bus Stand,2026-05-04,250,436382
ATM1055,Tamil Nadu,Chennai,Bus Stand,2026-05-05,195,442775
ATM1055,Tamil Nadu,Chennai,Bus Stand,2026-05-06,150,430074
ATM1055,Tamil Nadu,Chennai,Bus Stand,2026-05-07,203,444427
ATM1055,Tamil Nadu,Chennai,Bus Stand,2026-05-08,202,445286
ATM1055,Tamil Nadu,Chennai,Bus Stand,2026-05-09,333,536596
ATM1055,Tamil Nadu,Chennai,Bus Stand,2026-05-10,193,536157
ATM1055,Tamil Nadu,Chennai,Bus Stand,2026-05-11,195,412128
ATM1055,Tamil Nadu,Chennai,Bus Stand,2026-05-12,135,382821
ATM1055,Tamil Nadu,Chennai,Bus Stand,2026-05-13,234,437893
ATM1055,Tamil Nadu,Chennai,Bus Stand,2026-05-14,174,438104
ATM1055,Tamil Nadu,Chennai,Bus Stand,2026-05-15,167,415789
ATM1055,Tamil Nadu,Chennai,Bus Stand,2026-05-16,280,543266
ATM1055,Tamil Nadu,Chennai,Bus Stand,2026-05-17,226,522592
ATM1055,Tamil Nadu,Chennai,Bus Stand,2026-05-18,208,430981
ATM1055,Tamil Nadu,Chennai,Bus Stand,2026-05-19,169,425448
ATM1055,Tamil Nadu,Chennai,Bus Stand,2026-05-20,194,429509
ATM1055,Tamil Nadu,Chennai,Bus Stand,2026-05-21,182,418147
ATM1055,Tamil Nadu,Chennai,Bus Stand,2026-05-22,167,443876
ATM1055,Tamil Nadu,Chennai,Bus Stand,2026-05-23,259,541864
ATM1055,Tamil Nadu,Chennai,Bus Stand,2026-05-24,264,554039
ATM1055,Tamil Nadu,Chennai,Bus Stand,2026-05-25,146,426454
ATM1056,Tamil Nadu,Madurai,College Campus,2026-04-16,211,340556
ATM1056,Tamil Nadu,Madurai,College Campus,2026-04-17,189,321236
ATM1056,Tamil Nadu,Madurai,College Campus,2026-04-18,202,454409
ATM1056,Tamil Nadu,Madurai,College Campus,2026-04-19,148,440346
ATM1056,Tamil Nadu,Madurai,College Campus,2026-04-20,170,340962
ATM1056,Tamil Nadu,Madurai,College Campus,2026-04-21,179,354340
ATM1056,Tamil Nadu,Madurai,College Campus,2026-04-22,159,354640
ATM1056,Tamil Nadu,Madurai,College Campus,2026-04-23,127,344943
ATM1056,Tamil Nadu,Madurai,College Campus,2026-04-24,146,338682
ATM1056,Tamil Nadu,Madurai,College Campus,2026-04-25,161,443444
ATM1056,Tamil Nadu,Madurai,College Campus,2026-04-26,146,404855
ATM1056,Tamil Nadu,Madurai,College Campus,2026-04-27,213,351035
ATM1056,Tamil Nadu,Madurai,College Campus,2026-04-28,117,332786
ATM1056,Tamil Nadu,Madurai,College Campus,2026-04-29,166,329437
ATM1056,Tamil Nadu,Madurai,College Campus,2026-04-30,147,352628
ATM1056,Tamil Nadu,Madurai,College Campus,2026-05-01,199,364439
ATM1056,Tamil Nadu,Madurai,College Campus,2026-05-02,272,408678
ATM1056,Tamil Nadu,Madurai,College Campus,2026-05-03,155,436919
ATM1056,Tamil Nadu,Madurai,College Campus,2026-05-04,165,349048
ATM1056,Tamil Nadu,Madurai,College Campus,2026-05-05,164,344978
ATM1056,Tamil Nadu,Madurai,College Campus,2026-05-06,137,365724
ATM1056,Tamil Nadu,Madurai,College Campus,2026-05-07,145,348284
ATM1056,Tamil Nadu,Madurai,College Campus,2026-05-08,128,386461
ATM1056,Tamil Nadu,Madurai,College Campus,2026-05-09,206,439772
ATM1056,Tamil Nadu,Madurai,College Campus,2026-05-10,200,429921
ATM1056,Tamil Nadu,Madurai,College Campus,2026-05-11,214,357065
ATM1056,Tamil Nadu,Madurai,College Campus,2026-05-12,197,309556
ATM1056,Tamil Nadu,Madurai,College Campus,2026-05-13,225,343308
ATM1056,Tamil Nadu,Madurai,College Campus,2026-05-14,226,342613
ATM1056,Tamil Nadu,Madurai,College Campus,2026-05-15,132,326702
ATM1056,Tamil Nadu,Madurai,College Campus,2026-05-16,166,411742
ATM1056,Tamil Nadu,Madurai,College Campus,2026-05-17,155,432358
ATM1056,Tamil Nadu,Madurai,College Campus,2026-05-18,182,349019
ATM1056,Tamil Nadu,Madurai,College Campus,2026-05-19,203,360561
ATM1056,Tamil Nadu,Madurai,College Campus,2026-05-20,172,337923
ATM1056,Tamil Nadu,Madurai,College Campus,2026-05-21,143,336011
ATM1056,Tamil Nadu,Madurai,College Campus,2026-05-22,118,338439
ATM1056,Tamil Nadu,Madurai,College Campus,2026-05-23,155,463745
ATM1056,Tamil Nadu,Madurai,College Campus,2026-05-24,176,427343
ATM1056,Tamil Nadu,Madurai,College Campus,2026-05-25,125,339862
ATM1057,Maharashtra,Pune,Residential Area,2026-04-16,52,116793
ATM1057,Maharashtra,Pune,Residential Area,2026-04-17,50,146517
ATM1057,Maharashtra,Pune,Residential Area,2026-04-18,60,121339
ATM1057,Maharashtra,Pune,Residential Area,2026-04-19,48,137093
ATM1057,Maharashtra,Pune,Residential Area,2026-04-20,38,104820
ATM1057,Maharashtra,Pune,Residential Area,2026-04-21,73,125989
ATM1057,Maharashtra,Pune,Residential Area,2026-04-22,43,105668
ATM1057,Maharashtra,Pune,Residential Area,2026-04-23,56,140775
ATM1057,Maharashtra,Pune,Residential Area,2026-04-24,73,119953
ATM1057,Maharashtra,Pune,Residential Area,2026-04-25,60,157637
ATM1057,Maharashtra,Pune,Residential Area,2026-04-26,58,145708
ATM1057,Maharashtra,Pune,Residential Area,2026-04-27,46,112701
ATM1057,Maharashtra,Pune,Residential Area,2026-04-28,56,127104
ATM1057,Maharashtra,Pune,Residential Area,2026-04-29,41,102542
ATM1057,Maharashtra,Pune,Residential Area,2026-04-30,55,131822
ATM1057,Maharashtra,Pune,Residential Area,2026-05-01,39,119006
ATM1057,Maharashtra,Pune,Residential Area,2026-05-02,72,125667
ATM1057,Maharashtra,Pune,Residential Area,2026-05-03,51,137699
ATM1057,Maharashtra,Pune,Residential Area,2026-05-04,42,118003
ATM1057,Maharashtra,Pune,Residential Area,2026-05-05,64,139303
ATM1057,Maharashtra,Pune,Residential Area,2026-05-06,73,113251
ATM1057,Maharashtra,Pune,Residential Area,2026-05-07,62,117469
ATM1057,Maharashtra,Pune,Residential Area,2026-05-08,55,143705
ATM1057,Maharashtra,Pune,Residential Area,2026-05-09,63,161255
ATM1057,Maharashtra,Pune,Residential Area,2026-05-10,80,133103
ATM1057,Maharashtra,Pune,Residential Area,2026-05-11,53,137524
ATM1057,Maharashtra,Pune,Residential Area,2026-05-12,88,156869
ATM1057,Maharashtra,Pune,Residential Area,2026-05-13,68,121607
ATM1057,Maharashtra,Pune,Residential Area,2026-05-14,72,130384
ATM1057,Maharashtra,Pune,Residential Area,2026-05-15,39,114813
ATM1057,Maharashtra,Pune,Residential Area,2026-05-16,58,145041
ATM1057,Maharashtra,Pune,Residential Area,2026-05-17,63,149403
ATM1057,Maharashtra,Pune,Residential Area,2026-05-18,73,142645
ATM1057,Maharashtra,Pune,Residential Area,2026-05-19,40,118429
ATM1057,Maharashtra,Pune,Residential Area,2026-05-20,42,120514
ATM1057,Maharashtra,Pune,Residential Area,2026-05-21,41,124193
ATM1057,Maharashtra,Pune,Residential Area,2026-05-22,36,95442
ATM1057,Maharashtra,Pune,Residential Area,2026-05-23,56,156219
ATM1057,Maharashtra,Pune,Residential Area,2026-05-24,79,190386
ATM1057,Maharashtra,Pune,Residential Area,2026-05-25,55,145575
ATM1058,Karnataka,Mysore,Residential Area,2026-04-16,107,235965
ATM1058,Karnataka,Mysore,Residential Area,2026-04-17,90,269026
ATM1058,Karnataka,Mysore,Residential Area,2026-04-18,175,317943
ATM1058,Karnataka,Mysore,Residential Area,2026-04-19,135,318281
ATM1058,Karnataka,Mysore,Residential Area,2026-04-20,115,267482
ATM1058,Karnataka,Mysore,Residential Area,2026-04-21,120,271763
ATM1058,Karnataka,Mysore,Residential Area,2026-04-22,97,260047
ATM1058,Karnataka,Mysore,Residential Area,2026-04-23,176,271181
ATM1058,Karnataka,Mysore,Residential Area,2026-04-24,125,266206
ATM1058,Karnataka,Mysore,Residential Area,2026-04-25,139,331190
ATM1058,Karnataka,Mysore,Residential Area,2026-04-26,148,358829
ATM1058,Karnataka,Mysore,Residential Area,2026-04-27,171,262095
ATM1058,Karnataka,Mysore,Residential Area,2026-04-28,178,278762
ATM1058,Karnataka,Mysore,Residential Area,2026-04-29,137,267194
ATM1058,Karnataka,Mysore,Residential Area,2026-04-30,121,258925
ATM1058,Karnataka,Mysore,Residential Area,2026-05-01,104,278289
ATM1058,Karnataka,Mysore,Residential Area,2026-05-02,116,337640
ATM1058,Karnataka,Mysore,Residential Area,2026-05-03,226,356197
ATM1058,Karnataka,Mysore,Residential Area,2026-05-04,109,266932
ATM1058,Karnataka,Mysore,Residential Area,2026-05-05,120,255711
ATM1058,Karnataka,Mysore,Residential Area,2026-05-06,125,270217
ATM1058,Karnataka,Mysore,Residential Area,2026-05-07,131,263546
ATM1058,Karnataka,Mysore,Residential Area,2026-05-08,138,272861
ATM1058,Karnataka,Mysore,Residential Area,2026-05-09,129,352484
ATM1058,Karnataka,Mysore,Residential Area,2026-05-10,220,332857
ATM1058,Karnataka,Mysore,Residential Area,2026-05-11,141,256372
ATM1058,Karnataka,Mysore,Residential Area,2026-05-12,152,280060
ATM1058,Karnataka,Mysore,Residential Area,2026-05-13,157,263780
ATM1058,Karnataka,Mysore,Residential Area,2026-05-14,112,267258
ATM1058,Karnataka,Mysore,Residential Area,2026-05-15,152,266287
ATM1058,Karnataka,Mysore,Residential Area,2026-05-16,184,326934
ATM1058,Karnataka,Mysore,Residential Area,2026-05-17,161,339287
ATM1058,Karnataka,Mysore,Residential Area,2026-05-18,141,240203
ATM1058,Karnataka,Mysore,Residential Area,2026-05-19,93,258492
ATM1058,Karnataka,Mysore,Residential Area,2026-05-20,102,248514
ATM1058,Karnataka,Mysore,Residential Area,2026-05-21,137,271667
ATM1058,Karnataka,Mysore,Residential Area,2026-05-22,119,268350
ATM1058,Karnataka,Mysore,Residential Area,2026-05-23,117,343841
ATM1058,Karnataka,Mysore,Residential Area,2026-05-24,213,325253
ATM1058,Karnataka,Mysore,Residential Area,2026-05-25,116,256853
ATM1059,Telangana,Warangal,Hospital,2026-04-16,120,221874
ATM1059,Telangana,Warangal,Hospital,2026-04-17,117,201145
ATM1059,Telangana,Warangal,Hospital,2026-04-18,112,283453
ATM1059,Telangana,Warangal,Hospital,2026-04-19,144,278393
ATM1059,Telangana,Warangal,Hospital,2026-04-20,137,242105
ATM1059,Telangana,Warangal,Hospital,2026-04-21,97,240193
ATM1059,Telangana,Warangal,Hospital,2026-04-22,89,228030
ATM1059,Telangana,Warangal,Hospital,2026-04-23,100,256445
ATM1059,Telangana,Warangal,Hospital,2026-04-24,126,230131
ATM1059,Telangana,Warangal,Hospital,2026-04-25,166,288604
ATM1059,Telangana,Warangal,Hospital,2026-04-26,203,310187
ATM1059,Telangana,Warangal,Hospital,2026-04-27,120,233605
ATM1059,Telangana,Warangal,Hospital,2026-04-28,128,211957
ATM1059,Telangana,Warangal,Hospital,2026-04-29,152,249020
ATM1059,Telangana,Warangal,Hospital,2026-04-30,127,237802
ATM1059,Telangana,Warangal,Hospital,2026-05-01,95,245215
ATM1059,Telangana,Warangal,Hospital,2026-05-02,155,299978
ATM1059,Telangana,Warangal,Hospital,2026-05-03,168,294181
ATM1059,Telangana,Warangal,Hospital,2026-05-04,90,188629
ATM1059,Telangana,Warangal,Hospital,2026-05-05,89,245001
ATM1059,Telangana,Warangal,Hospital,2026-05-06,129,245379
ATM1059,Telangana,Warangal,Hospital,2026-05-07,77,212833
ATM1059,Telangana,Warangal,Hospital,2026-05-08,119,227251
ATM1059,Telangana,Warangal,Hospital,2026-05-09,118,280263
ATM1059,Telangana,Warangal,Hospital,2026-05-10,172,298762
ATM1059,Telangana,Warangal,Hospital,2026-05-11,76,214499
ATM1059,Telangana,Warangal,Hospital,2026-05-12,128,233360
ATM1059,Telangana,Warangal,Hospital,2026-05-13,147,229977
ATM1059,Telangana,Warangal,Hospital,2026-05-14,111,233695
ATM1059,Telangana,Warangal,Hospital,2026-05-15,148,240515
ATM1059,Telangana,Warangal,Hospital,2026-05-16,146,297535
ATM1059,Telangana,Warangal,Hospital,2026-05-17,121,269913
ATM1059,Telangana,Warangal,Hospital,2026-05-18,94,213883
ATM1059,Telangana,Warangal,Hospital,2026-05-19,84,229466
ATM1059,Telangana,Warangal,Hospital,2026-05-20,103,214073
ATM1059,Telangana,Warangal,Hospital,2026-05-21,124,236295
ATM1059,Telangana,Warangal,Hospital,2026-05-22,145,222363
ATM1059,Telangana,Warangal,Hospital,2026-05-23,124,273571
ATM1059,Telangana,Warangal,Hospital,2026-05-24,93,265177
ATM1059,Telangana,Warangal,Hospital,2026-05-25,122,249378
ATM1060,Telangana,Hyderabad,Railway Station,2026-04-16,94,162344
ATM1060,Telangana,Hyderabad,Railway Station,2026-04-17,59,177372
ATM1060,Telangana,Hyderabad,Railway Station,2026-04-18,96,228096
ATM1060,Telangana,Hyderabad,Railway Station,2026-04-19,115,185911
ATM1060,Telangana,Hyderabad,Railway Station,2026-04-20,73,169726
ATM1060,Telangana,Hyderabad,Railway Station,2026-04-21,52,157933
ATM1060,Telangana,Hyderabad,Railway Station,2026-04-22,57,160267
ATM1060,Telangana,Hyderabad,Railway Station,2026-04-23,69,181365
ATM1060,Telangana,Hyderabad,Railway Station,2026-04-24,82,188370
ATM1060,Telangana,Hyderabad,Railway Station,2026-04-25,156,247633
ATM1060,Telangana,Hyderabad,Railway Station,2026-04-26,109,225164
ATM1060,Telangana,Hyderabad,Railway Station,2026-04-27,76,179358
ATM1060,Telangana,Hyderabad,Railway Station,2026-04-28,79,160355
ATM1060,Telangana,Hyderabad,Railway Station,2026-04-29,95,186998
ATM1060,Telangana,Hyderabad,Railway Station,2026-04-30,62,180697
ATM1060,Telangana,Hyderabad,Railway Station,2026-05-01,89,184236
ATM1060,Telangana,Hyderabad,Railway Station,2026-05-02,110,210839
ATM1060,Telangana,Hyderabad,Railway Station,2026-05-03,109,212772
ATM1060,Telangana,Hyderabad,Railway Station,2026-05-04,79,166429
ATM1060,Telangana,Hyderabad,Railway Station,2026-05-05,103,180632
ATM1060,Telangana,Hyderabad,Railway Station,2026-05-06,76,156036
ATM1060,Telangana,Hyderabad,Railway Station,2026-05-07,53,157956
ATM1060,Telangana,Hyderabad,Railway Station,2026-05-08,99,175938
ATM1060,Telangana,Hyderabad,Railway Station,2026-05-09,87,201896
ATM1060,Telangana,Hyderabad,Railway Station,2026-05-10,75,212433
ATM1060,Telangana,Hyderabad,Railway Station,2026-05-11,115,177363
ATM1060,Telangana,Hyderabad,Railway Station,2026-05-12,64,179592
ATM1060,Telangana,Hyderabad,Railway Station,2026-05-13,85,185090
ATM1060,Telangana,Hyderabad,Railway Station,2026-05-14,58,175753
ATM1060,Telangana,Hyderabad,Railway Station,2026-05-15,105,179562
ATM1060,Telangana,Hyderabad,Railway Station,2026-05-16,77,181846
ATM1060,Telangana,Hyderabad,Railway Station,2026-05-17,85,181371
ATM1060,Telangana,Hyderabad,Railway Station,2026-05-18,79,188768
ATM1060,Telangana,Hyderabad,Railway Station,2026-05-19,82,168421
ATM1060,Telangana,Hyderabad,Railway Station,2026-05-20,83,156200
ATM1060,Telangana,Hyderabad,Railway Station,2026-05-21,96,165600
ATM1060,Telangana,Hyderabad,Railway Station,2026-05-22,79,162855
ATM1060,Telangana,Hyderabad,Railway Station,2026-05-23,76,216605
ATM1060,Telangana,Hyderabad,Railway Station,2026-05-24,122,207408
ATM1060,Telangana,Hyderabad,Railway Station,2026-05-25,76,170666
ATM1061,Karnataka,Mysore,College Campus,2026-04-16,229,439029
ATM1061,Karnataka,Mysore,College Campus,2026-04-17,149,448652
ATM1061,Karnataka,Mysore,College Campus,2026-04-18,188,554777
ATM1061,Karnataka,Mysore,College Campus,2026-04-19,220,542733
ATM1061,Karnataka,Mysore,College Campus,2026-04-20,192,473405
ATM1061,Karnataka,Mysore,College Campus,2026-04-21,271,426211
ATM1061,Karnataka,Mysore,College Campus,2026-04-22,267,446671
ATM1061,Karnataka,Mysore,College Campus,2026-04-23,279,425564
ATM1061,Karnataka,Mysore,College Campus,2026-04-24,172,427641
ATM1061,Karnataka,Mysore,College Campus,2026-04-25,207,568723
ATM1061,Karnataka,Mysore,College Campus,2026-04-26,323,535452
ATM1061,Karnataka,Mysore,College Campus,2026-04-27,159,432602
ATM1061,Karnataka,Mysore,College Campus,2026-04-28,225,427411
ATM1061,Karnataka,Mysore,College Campus,2026-04-29,180,450112
ATM1061,Karnataka,Mysore,College Campus,2026-04-30,240,428069
ATM1061,Karnataka,Mysore,College Campus,2026-05-01,168,442557
ATM1061,Karnataka,Mysore,College Campus,2026-05-02,292,559469
ATM1061,Karnataka,Mysore,College Campus,2026-05-03,316,530604
ATM1061,Karnataka,Mysore,College Campus,2026-05-04,169,428425
ATM1061,Karnataka,Mysore,College Campus,2026-05-05,193,431400
ATM1061,Karnataka,Mysore,College Campus,2026-05-06,234,463655
ATM1061,Karnataka,Mysore,College Campus,2026-05-07,205,442091
ATM1061,Karnataka,Mysore,College Campus,2026-05-08,205,433302
ATM1061,Karnataka,Mysore,College Campus,2026-05-09,267,520694
ATM1061,Karnataka,Mysore,College Campus,2026-05-10,227,578066
ATM1061,Karnataka,Mysore,College Campus,2026-05-11,238,429872
ATM1061,Karnataka,Mysore,College Campus,2026-05-12,177,416150
ATM1061,Karnataka,Mysore,College Campus,2026-05-13,246,467407
ATM1061,Karnataka,Mysore,College Campus,2026-05-14,209,417165
ATM1061,Karnataka,Mysore,College Campus,2026-05-15,150,428045
ATM1061,Karnataka,Mysore,College Campus,2026-05-16,219,514618
ATM1061,Karnataka,Mysore,College Campus,2026-05-17,195,580014
ATM1061,Karnataka,Mysore,College Campus,2026-05-18,205,435557
ATM1061,Karnataka,Mysore,College Campus,2026-05-19,156,455556
ATM1061,Karnataka,Mysore,College Campus,2026-05-20,187,451551
ATM1061,Karnataka,Mysore,College Campus,2026-05-21,230,442601
ATM1061,Karnataka,Mysore,College Campus,2026-05-22,174,430425
ATM1061,Karnataka,Mysore,College Campus,2026-05-23,222,588581
ATM1061,Karnataka,Mysore,College Campus,2026-05-24,260,561408
ATM1061,Karnataka,Mysore,College Campus,2026-05-25,202,433810
ATM1062,Maharashtra,Mumbai,Shopping Mall,2026-04-16,53,138202
ATM1062,Maharashtra,Mumbai,Shopping Mall,2026-04-17,94,149858
ATM1062,Maharashtra,Mumbai,Shopping Mall,2026-04-18,68,186113
ATM1062,Maharashtra,Mumbai,Shopping Mall,2026-04-19,123,199386
ATM1062,Maharashtra,Mumbai,Shopping Mall,2026-04-20,60,156494
ATM1062,Maharashtra,Mumbai,Shopping Mall,2026-04-21,74,145423
ATM1062,Maharashtra,Mumbai,Shopping Mall,2026-04-22,95,173622
ATM1062,Maharashtra,Mumbai,Shopping Mall,2026-04-23,62,186403
ATM1062,Maharashtra,Mumbai,Shopping Mall,2026-04-24,76,140622
ATM1062,Maharashtra,Mumbai,Shopping Mall,2026-04-25,102,186937
ATM1062,Maharashtra,Mumbai,Shopping Mall,2026-04-26,75,195550
ATM1062,Maharashtra,Mumbai,Shopping Mall,2026-04-27,60,168201
ATM1062,Maharashtra,Mumbai,Shopping Mall,2026-04-28,45,126890
ATM1062,Maharashtra,Mumbai,Shopping Mall,2026-04-29,79,136409
ATM1062,Maharashtra,Mumbai,Shopping Mall,2026-04-30,73,162875
ATM1062,Maharashtra,Mumbai,Shopping Mall,2026-05-01,60,174213
ATM1062,Maharashtra,Mumbai,Shopping Mall,2026-05-02,86,196708
ATM1062,Maharashtra,Mumbai,Shopping Mall,2026-05-03,75,218539
ATM1062,Maharashtra,Mumbai,Shopping Mall,2026-05-04,81,171338
ATM1062,Maharashtra,Mumbai,Shopping Mall,2026-05-05,71,176921
ATM1062,Maharashtra,Mumbai,Shopping Mall,2026-05-06,96,147258
ATM1062,Maharashtra,Mumbai,Shopping Mall,2026-05-07,53,147361
ATM1062,Maharashtra,Mumbai,Shopping Mall,2026-05-08,45,135752
ATM1062,Maharashtra,Mumbai,Shopping Mall,2026-05-09,72,193369
ATM1062,Maharashtra,Mumbai,Shopping Mall,2026-05-10,75,189767
ATM1062,Maharashtra,Mumbai,Shopping Mall,2026-05-11,67,181512
ATM1062,Maharashtra,Mumbai,Shopping Mall,2026-05-12,69,152016
ATM1062,Maharashtra,Mumbai,Shopping Mall,2026-05-13,75,152698
ATM1062,Maharashtra,Mumbai,Shopping Mall,2026-05-14,53,150746
ATM1062,Maharashtra,Mumbai,Shopping Mall,2026-05-15,88,151569
ATM1062,Maharashtra,Mumbai,Shopping Mall,2026-05-16,85,227112
ATM1062,Maharashtra,Mumbai,Shopping Mall,2026-05-17,74,187972
ATM1062,Maharashtra,Mumbai,Shopping Mall,2026-05-18,80,162476
ATM1062,Maharashtra,Mumbai,Shopping Mall,2026-05-19,94,144454
ATM1062,Maharashtra,Mumbai,Shopping Mall,2026-05-20,56,143288
ATM1062,Maharashtra,Mumbai,Shopping Mall,2026-05-21,58,164417
ATM1062,Maharashtra,Mumbai,Shopping Mall,2026-05-22,77,146693
ATM1062,Maharashtra,Mumbai,Shopping Mall,2026-05-23,103,198260
ATM1062,Maharashtra,Mumbai,Shopping Mall,2026-05-24,73,211789
ATM1062,Maharashtra,Mumbai,Shopping Mall,2026-05-25,102,158463
ATM1063,Andhra Pradesh,Vijayawada,Hospital,2026-04-16,35,78878
ATM1063,Andhra Pradesh,Vijayawada,Hospital,2026-04-17,15,34408
ATM1063,Andhra Pradesh,Vijayawada,Hospital,2026-04-18,32,73578
ATM1063,Andhra Pradesh,Vijayawada,Hospital,2026-04-19,43,90421
ATM1063,Andhra Pradesh,Vijayawada,Hospital,2026-04-20,21,41821
ATM1063,Andhra Pradesh,Vijayawada,Hospital,2026-04-21,26,60019
ATM1063,Andhra Pradesh,Vijayawada,Hospital,2026-04-22,29,60042
ATM1063,Andhra Pradesh,Vijayawada,Hospital,2026-04-23,21,43388
ATM1063,Andhra Pradesh,Vijayawada,Hospital,2026-04-24,27,61067
ATM1063,Andhra Pradesh,Vijayawada,Hospital,2026-04-25,29,57334
ATM1063,Andhra Pradesh,Vijayawada,Hospital,2026-04-26,17,43716
ATM1063,Andhra Pradesh,Vijayawada,Hospital,2026-04-27,24,50697
ATM1063,Andhra Pradesh,Vijayawada,Hospital,2026-04-28,25,45543
ATM1063,Andhra Pradesh,Vijayawada,Hospital,2026-04-29,31,50574
ATM1063,Andhra Pradesh,Vijayawada,Hospital,2026-04-30,34,64659
ATM1063,Andhra Pradesh,Vijayawada,Hospital,2026-05-01,26,79365
ATM1063,Andhra Pradesh,Vijayawada,Hospital,2026-05-02,32,73801
ATM1063,Andhra Pradesh,Vijayawada,Hospital,2026-05-03,33,61628
ATM1063,Andhra Pradesh,Vijayawada,Hospital,2026-05-04,39,67145
ATM1063,Andhra Pradesh,Vijayawada,Hospital,2026-05-05,30,59521
ATM1063,Andhra Pradesh,Vijayawada,Hospital,2026-05-06,25,63499
ATM1063,Andhra Pradesh,Vijayawada,Hospital,2026-05-07,20,46967
ATM1063,Andhra Pradesh,Vijayawada,Hospital,2026-05-08,13,35168
ATM1063,Andhra Pradesh,Vijayawada,Hospital,2026-05-09,21,61939
ATM1063,Andhra Pradesh,Vijayawada,Hospital,2026-05-10,23,61805
ATM1063,Andhra Pradesh,Vijayawada,Hospital,2026-05-11,18,41204
ATM1063,Andhra Pradesh,Vijayawada,Hospital,2026-05-12,30,47585
ATM1063,Andhra Pradesh,Vijayawada,Hospital,2026-05-13,27,52058
ATM1063,Andhra Pradesh,Vijayawada,Hospital,2026-05-14,21,56189
ATM1063,Andhra Pradesh,Vijayawada,Hospital,2026-05-15,42,77709
ATM1063,Andhra Pradesh,Vijayawada,Hospital,2026-05-16,29,85342
ATM1063,Andhra Pradesh,Vijayawada,Hospital,2026-05-17,27,72763
ATM1063,Andhra Pradesh,Vijayawada,Hospital,2026-05-18,14,38733
ATM1063,Andhra Pradesh,Vijayawada,Hospital,2026-05-19,24,49821
ATM1063,Andhra Pradesh,Vijayawada,Hospital,2026-05-20,26,50980
ATM1063,Andhra Pradesh,Vijayawada,Hospital,2026-05-21,18,45976
ATM1063,Andhra Pradesh,Vijayawada,Hospital,2026-05-22,16,35572
ATM1063,Andhra Pradesh,Vijayawada,Hospital,2026-05-23,22,65836
ATM1063,Andhra Pradesh,Vijayawada,Hospital,2026-05-24,22,66038
ATM1063,Andhra Pradesh,Vijayawada,Hospital,2026-05-25,16,37271
ATM1064,Telangana,Warangal,College Campus,2026-04-16,28,58444
ATM1064,Telangana,Warangal,College Campus,2026-04-17,31,63042
ATM1064,Telangana,Warangal,College Campus,2026-04-18,66,100953
ATM1064,Telangana,Warangal,College Campus,2026-04-19,41,107761
ATM1064,Telangana,Warangal,College Campus,2026-04-20,37,89961
ATM1064,Telangana,Warangal,College Campus,2026-04-21,53,96007
ATM1064,Telangana,Warangal,College Campus,2026-04-22,43,95807
ATM1064,Telangana,Warangal,College Campus,2026-04-23,45,78573
ATM1064,Telangana,Warangal,College Campus,2026-04-24,23,58981
ATM1064,Telangana,Warangal,College Campus,2026-04-25,43,78995
ATM1064,Telangana,Warangal,College Campus,2026-04-26,28,69254
ATM1064,Telangana,Warangal,College Campus,2026-04-27,25,74595
ATM1064,Telangana,Warangal,College Campus,2026-04-28,40,103234
ATM1064,Telangana,Warangal,College Campus,2026-04-29,33,82442
ATM1064,Telangana,Warangal,College Campus,2026-04-30,34,82043
ATM1064,Telangana,Warangal,College Campus,2026-05-01,58,88714
ATM1064,Telangana,Warangal,College Campus,2026-05-02,50,88661
ATM1064,Telangana,Warangal,College Campus,2026-05-03,47,142661
ATM1064,Telangana,Warangal,College Campus,2026-05-04,40,87026
ATM1064,Telangana,Warangal,College Campus,2026-05-05,43,79314
ATM1064,Telangana,Warangal,College Campus,2026-05-06,42,81755
ATM1064,Telangana,Warangal,College Campus,2026-05-07,55,115209
ATM1064,Telangana,Warangal,College Campus,2026-05-08,32,74998
ATM1064,Telangana,Warangal,College Campus,2026-05-09,41,105093
ATM1064,Telangana,Warangal,College Campus,2026-05-10,60,101758
ATM1064,Telangana,Warangal,College Campus,2026-05-11,22,54728
ATM1064,Telangana,Warangal,College Campus,2026-05-12,27,56817
ATM1064,Telangana,Warangal,College Campus,2026-05-13,19,56462
ATM1064,Telangana,Warangal,College Campus,2026-05-14,20,55568
ATM1064,Telangana,Warangal,College Campus,2026-05-15,33,53280
ATM1064,Telangana,Warangal,College Campus,2026-05-16,34,78214
ATM1064,Telangana,Warangal,College Campus,2026-05-17,50,87405
ATM1064,Telangana,Warangal,College Campus,2026-05-18,45,79374
ATM1064,Telangana,Warangal,College Campus,2026-05-19,29,73106
ATM1064,Telangana,Warangal,College Campus,2026-05-20,25,64532
ATM1064,Telangana,Warangal,College Campus,2026-05-21,26,76490
ATM1064,Telangana,Warangal,College Campus,2026-05-22,32,68650
ATM1064,Telangana,Warangal,College Campus,2026-05-23,40,97113
ATM1064,Telangana,Warangal,College Campus,2026-05-24,36,90657
ATM1064,Telangana,Warangal,College Campus,2026-05-25,44,72406
ATM1065,Delhi,New Delhi,Bus Stand,2026-04-16,106,197489
ATM1065,Delhi,New Delhi,Bus Stand,2026-04-17,106,190942
ATM1065,Delhi,New Delhi,Bus Stand,2026-04-18,85,241994
ATM1065,Delhi,New Delhi,Bus Stand,2026-04-19,119,250930
ATM1065,Delhi,New Delhi,Bus Stand,2026-04-20,106,161601
ATM1065,Delhi,New Delhi,Bus Stand,2026-04-21,140,217181
ATM1065,Delhi,New Delhi,Bus Stand,2026-04-22,85,219801
ATM1065,Delhi,New Delhi,Bus Stand,2026-04-23,83,173874
ATM1065,Delhi,New Delhi,Bus Stand,2026-04-24,81,180256
ATM1065,Delhi,New Delhi,Bus Stand,2026-04-25,82,231630
ATM1065,Delhi,New Delhi,Bus Stand,2026-04-26,98,239443
ATM1065,Delhi,New Delhi,Bus Stand,2026-04-27,70,178673
ATM1065,Delhi,New Delhi,Bus Stand,2026-04-28,96,185207
ATM1065,Delhi,New Delhi,Bus Stand,2026-04-29,86,198043
ATM1065,Delhi,New Delhi,Bus Stand,2026-04-30,123,193245
ATM1065,Delhi,New Delhi,Bus Stand,2026-05-01,83,197475
ATM1065,Delhi,New Delhi,Bus Stand,2026-05-02,151,243602
ATM1065,Delhi,New Delhi,Bus Stand,2026-05-03,125,244789
ATM1065,Delhi,New Delhi,Bus Stand,2026-05-04,91,178941
ATM1065,Delhi,New Delhi,Bus Stand,2026-05-05,80,185160
ATM1065,Delhi,New Delhi,Bus Stand,2026-05-06,66,199261
ATM1065,Delhi,New Delhi,Bus Stand,2026-05-07,95,201195
ATM1065,Delhi,New Delhi,Bus Stand,2026-05-08,116,176137
ATM1065,Delhi,New Delhi,Bus Stand,2026-05-09,117,231293
ATM1065,Delhi,New Delhi,Bus Stand,2026-05-10,86,208665
ATM1065,Delhi,New Delhi,Bus Stand,2026-05-11,90,192964
ATM1065,Delhi,New Delhi,Bus Stand,2026-05-12,78,170837
ATM1065,Delhi,New Delhi,Bus Stand,2026-05-13,104,201392
ATM1065,Delhi,New Delhi,Bus Stand,2026-05-14,111,173813
ATM1065,Delhi,New Delhi,Bus Stand,2026-05-15,72,182798
ATM1065,Delhi,New Delhi,Bus Stand,2026-05-16,138,239880
ATM1065,Delhi,New Delhi,Bus Stand,2026-05-17,127,227258
ATM1065,Delhi,New Delhi,Bus Stand,2026-05-18,99,186223
ATM1065,Delhi,New Delhi,Bus Stand,2026-05-19,91,174417
ATM1065,Delhi,New Delhi,Bus Stand,2026-05-20,62,176801
ATM1065,Delhi,New Delhi,Bus Stand,2026-05-21,97,178296
ATM1065,Delhi,New Delhi,Bus Stand,2026-05-22,124,192965
ATM1065,Delhi,New Delhi,Bus Stand,2026-05-23,107,255096
ATM1065,Delhi,New Delhi,Bus Stand,2026-05-24,91,258604
ATM1065,Delhi,New Delhi,Bus Stand,2026-05-25,76,182317
ATM1066,Kerala,Calicut,Railway Station,2026-04-16,159,464791
ATM1066,Kerala,Calicut,Railway Station,2026-04-17,160,468414
ATM1066,Kerala,Calicut,Railway Station,2026-04-18,341,587651
ATM1066,Kerala,Calicut,Railway Station,2026-04-19,280,572102
ATM1066,Kerala,Calicut,Railway Station,2026-04-20,258,450220
ATM1066,Kerala,Calicut,Railway Station,2026-04-21,203,450386
ATM1066,Kerala,Calicut,Railway Station,2026-04-22,181,447647
ATM1066,Kerala,Calicut,Railway Station,2026-04-23,216,485425
ATM1066,Kerala,Calicut,Railway Station,2026-04-24,182,491739
ATM1066,Kerala,Calicut,Railway Station,2026-04-25,256,569074
ATM1066,Kerala,Calicut,Railway Station,2026-04-26,276,566347
ATM1066,Kerala,Calicut,Railway Station,2026-04-27,184,488627
ATM1066,Kerala,Calicut,Railway Station,2026-04-28,158,454038
ATM1066,Kerala,Calicut,Railway Station,2026-04-29,235,449829
ATM1066,Kerala,Calicut,Railway Station,2026-04-30,281,451765
ATM1066,Kerala,Calicut,Railway Station,2026-05-01,179,463033
ATM1066,Kerala,Calicut,Railway Station,2026-05-02,221,590529
ATM1066,Kerala,Calicut,Railway Station,2026-05-03,239,579724
ATM1066,Kerala,Calicut,Railway Station,2026-05-04,241,452803
ATM1066,Kerala,Calicut,Railway Station,2026-05-05,266,493078
ATM1066,Kerala,Calicut,Railway Station,2026-05-06,214,459113
ATM1066,Kerala,Calicut,Railway Station,2026-05-07,226,483866
ATM1066,Kerala,Calicut,Railway Station,2026-05-08,295,472167
ATM1066,Kerala,Calicut,Railway Station,2026-05-09,321,587391
ATM1066,Kerala,Calicut,Railway Station,2026-05-10,219,556655
ATM1066,Kerala,Calicut,Railway Station,2026-05-11,315,482903
ATM1066,Kerala,Calicut,Railway Station,2026-05-12,187,449565
ATM1066,Kerala,Calicut,Railway Station,2026-05-13,225,458658
ATM1066,Kerala,Calicut,Railway Station,2026-05-14,266,464031
ATM1066,Kerala,Calicut,Railway Station,2026-05-15,278,457588
ATM1066,Kerala,Calicut,Railway Station,2026-05-16,204,592693
ATM1066,Kerala,Calicut,Railway Station,2026-05-17,294,579309
ATM1066,Kerala,Calicut,Railway Station,2026-05-18,224,465781
ATM1066,Kerala,Calicut,Railway Station,2026-05-19,177,469018
ATM1066,Kerala,Calicut,Railway Station,2026-05-20,222,451407
ATM1066,Kerala,Calicut,Railway Station,2026-05-21,186,462949
ATM1066,Kerala,Calicut,Railway Station,2026-05-22,167,461339
ATM1066,Kerala,Calicut,Railway Station,2026-05-23,378,578510
ATM1066,Kerala,Calicut,Railway Station,2026-05-24,249,572338
ATM1066,Kerala,Calicut,Railway Station,2026-05-25,239,433776
ATM1067,Gujarat,Ahmedabad,Airport,2026-04-16,97,164143
ATM1067,Gujarat,Ahmedabad,Airport,2026-04-17,86,152289
ATM1067,Gujarat,Ahmedabad,Airport,2026-04-18,70,183538
ATM1067,Gujarat,Ahmedabad,Airport,2026-04-19,95,202220
ATM1067,Gujarat,Ahmedabad,Airport,2026-04-20,55,143216
ATM1067,Gujarat,Ahmedabad,Airport,2026-04-21,104,179767
ATM1067,Gujarat,Ahmedabad,Airport,2026-04-22,93,167522
ATM1067,Gujarat,Ahmedabad,Airport,2026-04-23,67,158419
ATM1067,Gujarat,Ahmedabad,Airport,2026-04-24,56,162563
ATM1067,Gujarat,Ahmedabad,Airport,2026-04-25,79,205133
ATM1067,Gujarat,Ahmedabad,Airport,2026-04-26,122,209605
ATM1067,Gujarat,Ahmedabad,Airport,2026-04-27,67,168653
ATM1067,Gujarat,Ahmedabad,Airport,2026-04-28,78,162421
ATM1067,Gujarat,Ahmedabad,Airport,2026-04-29,79,155992
ATM1067,Gujarat,Ahmedabad,Airport,2026-04-30,58,141621
ATM1067,Gujarat,Ahmedabad,Airport,2026-05-01,58,169176
ATM1067,Gujarat,Ahmedabad,Airport,2026-05-02,125,204683
ATM1067,Gujarat,Ahmedabad,Airport,2026-05-03,64,188888
ATM1067,Gujarat,Ahmedabad,Airport,2026-05-04,68,157112
ATM1067,Gujarat,Ahmedabad,Airport,2026-05-05,59,164812
ATM1067,Gujarat,Ahmedabad,Airport,2026-05-06,62,161868
ATM1067,Gujarat,Ahmedabad,Airport,2026-05-07,87,169809
ATM1067,Gujarat,Ahmedabad,Airport,2026-05-08,111,190036
ATM1067,Gujarat,Ahmedabad,Airport,2026-05-09,125,201942
ATM1067,Gujarat,Ahmedabad,Airport,2026-05-10,79,173229
ATM1067,Gujarat,Ahmedabad,Airport,2026-05-11,75,151030
ATM1067,Gujarat,Ahmedabad,Airport,2026-05-12,101,163387
ATM1067,Gujarat,Ahmedabad,Airport,2026-05-13,55,155309
ATM1067,Gujarat,Ahmedabad,Airport,2026-05-14,70,182225
ATM1067,Gujarat,Ahmedabad,Airport,2026-05-15,103,181064
ATM1067,Gujarat,Ahmedabad,Airport,2026-05-16,77,218016
ATM1067,Gujarat,Ahmedabad,Airport,2026-05-17,68,197035
ATM1067,Gujarat,Ahmedabad,Airport,2026-05-18,87,168885
ATM1067,Gujarat,Ahmedabad,Airport,2026-05-19,62,159936
ATM1067,Gujarat,Ahmedabad,Airport,2026-05-20,60,179280
ATM1067,Gujarat,Ahmedabad,Airport,2026-05-21,59,157478
ATM1067,Gujarat,Ahmedabad,Airport,2026-05-22,68,167964
ATM1067,Gujarat,Ahmedabad,Airport,2026-05-23,73,186327
ATM1067,Gujarat,Ahmedabad,Airport,2026-05-24,69,195227
ATM1067,Gujarat,Ahmedabad,Airport,2026-05-25,60,142195
ATM1068,Telangana,Hyderabad,Residential Area,2026-04-16,57,162212
ATM1068,Telangana,Hyderabad,Residential Area,2026-04-17,48,141209
ATM1068,Telangana,Hyderabad,Residential Area,2026-04-18,64,171455
ATM1068,Telangana,Hyderabad,Residential Area,2026-04-19,106,216423
ATM1068,Telangana,Hyderabad,Residential Area,2026-04-20,37,112879
ATM1068,Telangana,Hyderabad,Residential Area,2026-04-21,59,143884
ATM1068,Telangana,Hyderabad,Residential Area,2026-04-22,74,140761
ATM1068,Telangana,Hyderabad,Residential Area,2026-04-23,58,155223
ATM1068,Telangana,Hyderabad,Residential Area,2026-04-24,108,189050
ATM1068,Telangana,Hyderabad,Residential Area,2026-04-25,96,148674
ATM1068,Telangana,Hyderabad,Residential Area,2026-04-26,73,216299
ATM1068,Telangana,Hyderabad,Residential Area,2026-04-27,60,136109
ATM1068,Telangana,Hyderabad,Residential Area,2026-04-28,61,173847
ATM1068,Telangana,Hyderabad,Residential Area,2026-04-29,76,163429
ATM1068,Telangana,Hyderabad,Residential Area,2026-04-30,76,127921
ATM1068,Telangana,Hyderabad,Residential Area,2026-05-01,64,184085
ATM1068,Telangana,Hyderabad,Residential Area,2026-05-02,105,192702
ATM1068,Telangana,Hyderabad,Residential Area,2026-05-03,93,171209
ATM1068,Telangana,Hyderabad,Residential Area,2026-05-04,79,160114
ATM1068,Telangana,Hyderabad,Residential Area,2026-05-05,59,156213
ATM1068,Telangana,Hyderabad,Residential Area,2026-05-06,47,127491
ATM1068,Telangana,Hyderabad,Residential Area,2026-05-07,60,165203
ATM1068,Telangana,Hyderabad,Residential Area,2026-05-08,67,145878
ATM1068,Telangana,Hyderabad,Residential Area,2026-05-09,85,201487
ATM1068,Telangana,Hyderabad,Residential Area,2026-05-10,74,199299
ATM1068,Telangana,Hyderabad,Residential Area,2026-05-11,79,172684
ATM1068,Telangana,Hyderabad,Residential Area,2026-05-12,54,144997
ATM1068,Telangana,Hyderabad,Residential Area,2026-05-13,77,154557
ATM1068,Telangana,Hyderabad,Residential Area,2026-05-14,97,154302
ATM1068,Telangana,Hyderabad,Residential Area,2026-05-15,51,133987
ATM1068,Telangana,Hyderabad,Residential Area,2026-05-16,88,211967
ATM1068,Telangana,Hyderabad,Residential Area,2026-05-17,73,170460
ATM1068,Telangana,Hyderabad,Residential Area,2026-05-18,54,153262
ATM1068,Telangana,Hyderabad,Residential Area,2026-05-19,52,158186
ATM1068,Telangana,Hyderabad,Residential Area,2026-05-20,64,144987
ATM1068,Telangana,Hyderabad,Residential Area,2026-05-21,80,145585
ATM1068,Telangana,Hyderabad,Residential Area,2026-05-22,96,144476
ATM1068,Telangana,Hyderabad,Residential Area,2026-05-23,67,183416
ATM1068,Telangana,Hyderabad,Residential Area,2026-05-24,77,197311
ATM1068,Telangana,Hyderabad,Residential Area,2026-05-25,72,133685
ATM1069,Karnataka,Mysore,Bus Stand,2026-04-16,126,288422
ATM1069,Karnataka,Mysore,Bus Stand,2026-04-17,127,273608
ATM1069,Karnataka,Mysore,Bus Stand,2026-04-18,124,372296
ATM1069,Karnataka,Mysore,Bus Stand,2026-04-19,183,332608
ATM1069,Karnataka,Mysore,Bus Stand,2026-04-20,176,280472
ATM1069,Karnataka,Mysore,Bus Stand,2026-04-21,189,284383
ATM1069,Karnataka,Mysore,Bus Stand,2026-04-22,103,264597
ATM1069,Karnataka,Mysore,Bus Stand,2026-04-23,94,265931
ATM1069,Karnataka,Mysore,Bus Stand,2026-04-24,99,277555
ATM1069,Karnataka,Mysore,Bus Stand,2026-04-25,135,316694
ATM1069,Karnataka,Mysore,Bus Stand,2026-04-26,153,385484
ATM1069,Karnataka,Mysore,Bus Stand,2026-04-27,98,276979
ATM1069,Karnataka,Mysore,Bus Stand,2026-04-28,101,281772
ATM1069,Karnataka,Mysore,Bus Stand,2026-04-29,134,276589
ATM1069,Karnataka,Mysore,Bus Stand,2026-04-30,110,288318
ATM1069,Karnataka,Mysore,Bus Stand,2026-05-01,135,271581
ATM1069,Karnataka,Mysore,Bus Stand,2026-05-02,125,372009
ATM1069,Karnataka,Mysore,Bus Stand,2026-05-03,179,325259
ATM1069,Karnataka,Mysore,Bus Stand,2026-05-04,124,284653
ATM1069,Karnataka,Mysore,Bus Stand,2026-05-05,172,294342
ATM1069,Karnataka,Mysore,Bus Stand,2026-05-06,183,313546
ATM1069,Karnataka,Mysore,Bus Stand,2026-05-07,146,276832
ATM1069,Karnataka,Mysore,Bus Stand,2026-05-08,99,288282
ATM1069,Karnataka,Mysore,Bus Stand,2026-05-09,144,321506
ATM1069,Karnataka,Mysore,Bus Stand,2026-05-10,118,343027
ATM1069,Karnataka,Mysore,Bus Stand,2026-05-11,100,295451
ATM1069,Karnataka,Mysore,Bus Stand,2026-05-12,99,263961
ATM1069,Karnataka,Mysore,Bus Stand,2026-05-13,129,282217
ATM1069,Karnataka,Mysore,Bus Stand,2026-05-14,181,296603
ATM1069,Karnataka,Mysore,Bus Stand,2026-05-15,109,268350
ATM1069,Karnataka,Mysore,Bus Stand,2026-05-16,180,357292
ATM1069,Karnataka,Mysore,Bus Stand,2026-05-17,210,344920
ATM1069,Karnataka,Mysore,Bus Stand,2026-05-18,103,278664
ATM1069,Karnataka,Mysore,Bus Stand,2026-05-19,126,280284
ATM1069,Karnataka,Mysore,Bus Stand,2026-05-20,130,274763
ATM1069,Karnataka,Mysore,Bus Stand,2026-05-21,93,271999
ATM1069,Karnataka,Mysore,Bus Stand,2026-05-22,108,266070
ATM1069,Karnataka,Mysore,Bus Stand,2026-05-23,219,337033
ATM1069,Karnataka,Mysore,Bus Stand,2026-05-24,189,346165
ATM1069,Karnataka,Mysore,Bus Stand,2026-05-25,111,266529
ATM1070,Kerala,Kochi,Petrol Bunk,2026-04-16,166,419952
ATM1070,Kerala,Kochi,Petrol Bunk,2026-04-17,191,408948
ATM1070,Kerala,Kochi,Petrol Bunk,2026-04-18,295,540831
ATM1070,Kerala,Kochi,Petrol Bunk,2026-04-19,315,526644
ATM1070,Kerala,Kochi,Petrol Bunk,2026-04-20,177,394882
ATM1070,Kerala,Kochi,Petrol Bunk,2026-04-21,225,405321
ATM1070,Kerala,Kochi,Petrol Bunk,2026-04-22,223,432681
ATM1070,Kerala,Kochi,Petrol Bunk,2026-04-23,193,419781
ATM1070,Kerala,Kochi,Petrol Bunk,2026-04-24,243,411928
ATM1070,Kerala,Kochi,Petrol Bunk,2026-04-25,274,557060
ATM1070,Kerala,Kochi,Petrol Bunk,2026-04-26,196,512707
ATM1070,Kerala,Kochi,Petrol Bunk,2026-04-27,155,417781
ATM1070,Kerala,Kochi,Petrol Bunk,2026-04-28,268,434704
ATM1070,Kerala,Kochi,Petrol Bunk,2026-04-29,246,403102
ATM1070,Kerala,Kochi,Petrol Bunk,2026-04-30,191,425961
ATM1070,Kerala,Kochi,Petrol Bunk,2026-05-01,178,423782
ATM1070,Kerala,Kochi,Petrol Bunk,2026-05-02,233,506125
ATM1070,Kerala,Kochi,Petrol Bunk,2026-05-03,207,540563
ATM1070,Kerala,Kochi,Petrol Bunk,2026-05-04,256,413723
ATM1070,Kerala,Kochi,Petrol Bunk,2026-05-05,234,387483
ATM1070,Kerala,Kochi,Petrol Bunk,2026-05-06,249,409003
ATM1070,Kerala,Kochi,Petrol Bunk,2026-05-07,153,390076
ATM1070,Kerala,Kochi,Petrol Bunk,2026-05-08,153,440094
ATM1070,Kerala,Kochi,Petrol Bunk,2026-05-09,201,533519
ATM1070,Kerala,Kochi,Petrol Bunk,2026-05-10,192,529049
ATM1070,Kerala,Kochi,Petrol Bunk,2026-05-11,260,447477
ATM1070,Kerala,Kochi,Petrol Bunk,2026-05-12,232,439491
ATM1070,Kerala,Kochi,Petrol Bunk,2026-05-13,167,417916
ATM1070,Kerala,Kochi,Petrol Bunk,2026-05-14,172,437566
ATM1070,Kerala,Kochi,Petrol Bunk,2026-05-15,280,433654
ATM1070,Kerala,Kochi,Petrol Bunk,2026-05-16,187,525157
ATM1070,Kerala,Kochi,Petrol Bunk,2026-05-17,260,536673
ATM1070,Kerala,Kochi,Petrol Bunk,2026-05-18,231,414664
ATM1070,Kerala,Kochi,Petrol Bunk,2026-05-19,167,444603
ATM1070,Kerala,Kochi,Petrol Bunk,2026-05-20,139,396825
ATM1070,Kerala,Kochi,Petrol Bunk,2026-05-21,211,439449
ATM1070,Kerala,Kochi,Petrol Bunk,2026-05-22,140,407942
ATM1070,Kerala,Kochi,Petrol Bunk,2026-05-23,182,510139
ATM1070,Kerala,Kochi,Petrol Bunk,2026-05-24,223,517859
ATM1070,Kerala,Kochi,Petrol Bunk,2026-05-25,168,425914
ATM1071,Kerala,Calicut,College Campus,2026-04-16,106,277161
ATM1071,Kerala,Calicut,College Campus,2026-04-17,146,287085
ATM1071,Kerala,Calicut,College Campus,2026-04-18,193,340790
ATM1071,Kerala,Calicut,College Campus,2026-04-19,169,353705
ATM1071,Kerala,Calicut,College Campus,2026-04-20,181,273166
ATM1071,Kerala,Calicut,College Campus,2026-04-21,179,280759
ATM1071,Kerala,Calicut,College Campus,2026-04-22,104,255718
ATM1071,Kerala,Calicut,College Campus,2026-04-23,115,277569
ATM1071,Kerala,Calicut,College Campus,2026-04-24,121,294068
ATM1071,Kerala,Calicut,College Campus,2026-04-25,178,345937
ATM1071,Kerala,Calicut,College Campus,2026-04-26,148,347686
ATM1071,Kerala,Calicut,College Campus,2026-04-27,124,273521
ATM1071,Kerala,Calicut,College Campus,2026-04-28,172,278477
ATM1071,Kerala,Calicut,College Campus,2026-04-29,178,286625
ATM1071,Kerala,Calicut,College Campus,2026-04-30,90,264362
ATM1071,Kerala,Calicut,College Campus,2026-05-01,176,282133
ATM1071,Kerala,Calicut,College Campus,2026-05-02,192,339383
ATM1071,Kerala,Calicut,College Campus,2026-05-03,201,357091
ATM1071,Kerala,Calicut,College Campus,2026-05-04,142,292061
ATM1071,Kerala,Calicut,College Campus,2026-05-05,109,308680
ATM1071,Kerala,Calicut,College Campus,2026-05-06,137,282289
ATM1071,Kerala,Calicut,College Campus,2026-05-07,148,279636
ATM1071,Kerala,Calicut,College Campus,2026-05-08,131,253195
ATM1071,Kerala,Calicut,College Campus,2026-05-09,200,339913
ATM1071,Kerala,Calicut,College Campus,2026-05-10,152,345448
ATM1071,Kerala,Calicut,College Campus,2026-05-11,130,276998
ATM1071,Kerala,Calicut,College Campus,2026-05-12,112,265995
ATM1071,Kerala,Calicut,College Campus,2026-05-13,158,268408
ATM1071,Kerala,Calicut,College Campus,2026-05-14,100,269283
ATM1071,Kerala,Calicut,College Campus,2026-05-15,137,289167
ATM1071,Kerala,Calicut,College Campus,2026-05-16,141,335991
ATM1071,Kerala,Calicut,College Campus,2026-05-17,199,311947
ATM1071,Kerala,Calicut,College Campus,2026-05-18,100,285122
ATM1071,Kerala,Calicut,College Campus,2026-05-19,101,265380
ATM1071,Kerala,Calicut,College Campus,2026-05-20,146,283107
ATM1071,Kerala,Calicut,College Campus,2026-05-21,108,283752
ATM1071,Kerala,Calicut,College Campus,2026-05-22,184,303684
ATM1071,Kerala,Calicut,College Campus,2026-05-23,196,383906
ATM1071,Kerala,Calicut,College Campus,2026-05-24,184,364731
ATM1071,Kerala,Calicut,College Campus,2026-05-25,92,270380
ATM1072,Andhra Pradesh,Vijayawada,IT Park,2026-04-16,34,72366
ATM1072,Andhra Pradesh,Vijayawada,IT Park,2026-04-17,42,80390
ATM1072,Andhra Pradesh,Vijayawada,IT Park,2026-04-18,81,125123
ATM1072,Andhra Pradesh,Vijayawada,IT Park,2026-04-19,65,118725
ATM1072,Andhra Pradesh,Vijayawada,IT Park,2026-04-20,28,82363
ATM1072,Andhra Pradesh,Vijayawada,IT Park,2026-04-21,29,73114
ATM1072,Andhra Pradesh,Vijayawada,IT Park,2026-04-22,30,73283
ATM1072,Andhra Pradesh,Vijayawada,IT Park,2026-04-23,27,66109
ATM1072,Andhra Pradesh,Vijayawada,IT Park,2026-04-24,51,80107
ATM1072,Andhra Pradesh,Vijayawada,IT Park,2026-04-25,44,89822
ATM1072,Andhra Pradesh,Vijayawada,IT Park,2026-04-26,50,123833
ATM1072,Andhra Pradesh,Vijayawada,IT Park,2026-04-27,38,90757
ATM1072,Andhra Pradesh,Vijayawada,IT Park,2026-04-28,40,84770
ATM1072,Andhra Pradesh,Vijayawada,IT Park,2026-04-29,27,78510
ATM1072,Andhra Pradesh,Vijayawada,IT Park,2026-04-30,23,67961
ATM1072,Andhra Pradesh,Vijayawada,IT Park,2026-05-01,34,67667
ATM1072,Andhra Pradesh,Vijayawada,IT Park,2026-05-02,68,103937
ATM1072,Andhra Pradesh,Vijayawada,IT Park,2026-05-03,56,92859
ATM1072,Andhra Pradesh,Vijayawada,IT Park,2026-05-04,52,86803
ATM1072,Andhra Pradesh,Vijayawada,IT Park,2026-05-05,38,68336
ATM1072,Andhra Pradesh,Vijayawada,IT Park,2026-05-06,27,68086
ATM1072,Andhra Pradesh,Vijayawada,IT Park,2026-05-07,29,67712
ATM1072,Andhra Pradesh,Vijayawada,IT Park,2026-05-08,24,59014
ATM1072,Andhra Pradesh,Vijayawada,IT Park,2026-05-09,65,100069
ATM1072,Andhra Pradesh,Vijayawada,IT Park,2026-05-10,51,94302
ATM1072,Andhra Pradesh,Vijayawada,IT Park,2026-05-11,28,81859
ATM1072,Andhra Pradesh,Vijayawada,IT Park,2026-05-12,20,56944
ATM1072,Andhra Pradesh,Vijayawada,IT Park,2026-05-13,33,77144
ATM1072,Andhra Pradesh,Vijayawada,IT Park,2026-05-14,24,68920
ATM1072,Andhra Pradesh,Vijayawada,IT Park,2026-05-15,38,74390
ATM1072,Andhra Pradesh,Vijayawada,IT Park,2026-05-16,51,108448
ATM1072,Andhra Pradesh,Vijayawada,IT Park,2026-05-17,43,90141
ATM1072,Andhra Pradesh,Vijayawada,IT Park,2026-05-18,29,80859
ATM1072,Andhra Pradesh,Vijayawada,IT Park,2026-05-19,34,71657
ATM1072,Andhra Pradesh,Vijayawada,IT Park,2026-05-20,30,73174
ATM1072,Andhra Pradesh,Vijayawada,IT Park,2026-05-21,24,71210
ATM1072,Andhra Pradesh,Vijayawada,IT Park,2026-05-22,45,78524
ATM1072,Andhra Pradesh,Vijayawada,IT Park,2026-05-23,42,108695
ATM1072,Andhra Pradesh,Vijayawada,IT Park,2026-05-24,31,78277
ATM1072,Andhra Pradesh,Vijayawada,IT Park,2026-05-25,38,75252
ATM1073,Kerala,Trivandrum,IT Park,2026-04-16,122,306287
ATM1073,Kerala,Trivandrum,IT Park,2026-04-17,137,343113
ATM1073,Kerala,Trivandrum,IT Park,2026-04-18,141,382181
ATM1073,Kerala,Trivandrum,IT Park,2026-04-19,233,402347
ATM1073,Kerala,Trivandrum,IT Park,2026-04-20,186,314348
ATM1073,Kerala,Trivandrum,IT Park,2026-04-21,128,279252
ATM1073,Kerala,Trivandrum,IT Park,2026-04-22,191,314392
ATM1073,Kerala,Trivandrum,IT Park,2026-04-23,206,342410
ATM1073,Kerala,Trivandrum,IT Park,2026-04-24,132,301655
ATM1073,Kerala,Trivandrum,IT Park,2026-04-25,248,397576
ATM1073,Kerala,Trivandrum,IT Park,2026-04-26,236,387714
ATM1073,Kerala,Trivandrum,IT Park,2026-04-27,153,307911
ATM1073,Kerala,Trivandrum,IT Park,2026-04-28,172,331996
ATM1073,Kerala,Trivandrum,IT Park,2026-04-29,198,299961
ATM1073,Kerala,Trivandrum,IT Park,2026-04-30,157,323433
ATM1073,Kerala,Trivandrum,IT Park,2026-05-01,140,325847
ATM1073,Kerala,Trivandrum,IT Park,2026-05-02,148,395775
ATM1073,Kerala,Trivandrum,IT Park,2026-05-03,186,391795
ATM1073,Kerala,Trivandrum,IT Park,2026-05-04,152,309005
ATM1073,Kerala,Trivandrum,IT Park,2026-05-05,115,298403
ATM1073,Kerala,Trivandrum,IT Park,2026-05-06,107,308535
ATM1073,Kerala,Trivandrum,IT Park,2026-05-07,207,319969
ATM1073,Kerala,Trivandrum,IT Park,2026-05-08,161,302863
ATM1073,Kerala,Trivandrum,IT Park,2026-05-09,230,413177
ATM1073,Kerala,Trivandrum,IT Park,2026-05-10,137,394293
ATM1073,Kerala,Trivandrum,IT Park,2026-05-11,153,326905
ATM1073,Kerala,Trivandrum,IT Park,2026-05-12,149,270105
ATM1073,Kerala,Trivandrum,IT Park,2026-05-13,120,327500
ATM1073,Kerala,Trivandrum,IT Park,2026-05-14,131,297654
ATM1073,Kerala,Trivandrum,IT Park,2026-05-15,191,301327
ATM1073,Kerala,Trivandrum,IT Park,2026-05-16,159,398255
ATM1073,Kerala,Trivandrum,IT Park,2026-05-17,134,394861
ATM1073,Kerala,Trivandrum,IT Park,2026-05-18,144,303866
ATM1073,Kerala,Trivandrum,IT Park,2026-05-19,158,312781
ATM1073,Kerala,Trivandrum,IT Park,2026-05-20,124,307606
ATM1073,Kerala,Trivandrum,IT Park,2026-05-21,165,320655
ATM1073,Kerala,Trivandrum,IT Park,2026-05-22,122,310917
ATM1073,Kerala,Trivandrum,IT Park,2026-05-23,234,371017
ATM1073,Kerala,Trivandrum,IT Park,2026-05-24,252,398905
ATM1073,Kerala,Trivandrum,IT Park,2026-05-25,120,311846
ATM1074,Tamil Nadu,Chennai,Market Area,2026-04-16,286,493734
ATM1074,Tamil Nadu,Chennai,Market Area,2026-04-17,184,513586
ATM1074,Tamil Nadu,Chennai,Market Area,2026-04-18,228,605421
ATM1074,Tamil Nadu,Chennai,Market Area,2026-04-19,258,599237
ATM1074,Tamil Nadu,Chennai,Market Area,2026-04-20,231,475962
ATM1074,Tamil Nadu,Chennai,Market Area,2026-04-21,175,466491
ATM1074,Tamil Nadu,Chennai,Market Area,2026-04-22,255,485300
ATM1074,Tamil Nadu,Chennai,Market Area,2026-04-23,173,478778
ATM1074,Tamil Nadu,Chennai,Market Area,2026-04-24,308,485734
ATM1074,Tamil Nadu,Chennai,Market Area,2026-04-25,300,592349
ATM1074,Tamil Nadu,Chennai,Market Area,2026-04-26,328,606296
ATM1074,Tamil Nadu,Chennai,Market Area,2026-04-27,268,477067
ATM1074,Tamil Nadu,Chennai,Market Area,2026-04-28,285,476854
ATM1074,Tamil Nadu,Chennai,Market Area,2026-04-29,168,479449
ATM1074,Tamil Nadu,Chennai,Market Area,2026-04-30,266,478253
ATM1074,Tamil Nadu,Chennai,Market Area,2026-05-01,171,448976
ATM1074,Tamil Nadu,Chennai,Market Area,2026-05-02,316,587658
ATM1074,Tamil Nadu,Chennai,Market Area,2026-05-03,319,631724
ATM1074,Tamil Nadu,Chennai,Market Area,2026-05-04,323,487671
ATM1074,Tamil Nadu,Chennai,Market Area,2026-05-05,185,481449
ATM1074,Tamil Nadu,Chennai,Market Area,2026-05-06,242,460090
ATM1074,Tamil Nadu,Chennai,Market Area,2026-05-07,160,477619
ATM1074,Tamil Nadu,Chennai,Market Area,2026-05-08,169,487612
ATM1074,Tamil Nadu,Chennai,Market Area,2026-05-09,247,586505
ATM1074,Tamil Nadu,Chennai,Market Area,2026-05-10,219,600573
ATM1074,Tamil Nadu,Chennai,Market Area,2026-05-11,220,468255
ATM1074,Tamil Nadu,Chennai,Market Area,2026-05-12,274,473862
ATM1074,Tamil Nadu,Chennai,Market Area,2026-05-13,178,491733
ATM1074,Tamil Nadu,Chennai,Market Area,2026-05-14,205,488508
ATM1074,Tamil Nadu,Chennai,Market Area,2026-05-15,173,484337
ATM1074,Tamil Nadu,Chennai,Market Area,2026-05-16,289,610008
ATM1074,Tamil Nadu,Chennai,Market Area,2026-05-17,222,580629
ATM1074,Tamil Nadu,Chennai,Market Area,2026-05-18,269,457080
ATM1074,Tamil Nadu,Chennai,Market Area,2026-05-19,307,478051
ATM1074,Tamil Nadu,Chennai,Market Area,2026-05-20,197,476901
ATM1074,Tamil Nadu,Chennai,Market Area,2026-05-21,272,487050
ATM1074,Tamil Nadu,Chennai,Market Area,2026-05-22,210,479936
ATM1074,Tamil Nadu,Chennai,Market Area,2026-05-23,267,600279
ATM1074,Tamil Nadu,Chennai,Market Area,2026-05-24,286,601098
ATM1074,Tamil Nadu,Chennai,Market Area,2026-05-25,162,481507
ATM1075,Telangana,Warangal,College Campus,2026-04-16,103,208548
ATM1075,Telangana,Warangal,College Campus,2026-04-17,94,212544
ATM1075,Telangana,Warangal,College Campus,2026-04-18,93,250319
ATM1075,Telangana,Warangal,College Campus,2026-04-19,153,247405
ATM1075,Telangana,Warangal,College Campus,2026-04-20,88,190152
ATM1075,Telangana,Warangal,College Campus,2026-04-21,126,231371
ATM1075,Telangana,Warangal,College Campus,2026-04-22,67,187595
ATM1075,Telangana,Warangal,College Campus,2026-04-23,76,188716
ATM1075,Telangana,Warangal,College Campus,2026-04-24,76,195578
ATM1075,Telangana,Warangal,College Campus,2026-04-25,96,235192
ATM1075,Telangana,Warangal,College Campus,2026-04-26,100,245356
ATM1075,Telangana,Warangal,College Campus,2026-04-27,88,197564
ATM1075,Telangana,Warangal,College Campus,2026-04-28,102,191078
ATM1075,Telangana,Warangal,College Campus,2026-04-29,101,218273
ATM1075,Telangana,Warangal,College Campus,2026-04-30,73,207498
ATM1075,Telangana,Warangal,College Campus,2026-05-01,80,238948
ATM1075,Telangana,Warangal,College Campus,2026-05-02,149,244886
ATM1075,Telangana,Warangal,College Campus,2026-05-03,89,257463
ATM1075,Telangana,Warangal,College Campus,2026-05-04,72,206192
ATM1075,Telangana,Warangal,College Campus,2026-05-05,115,196572
ATM1075,Telangana,Warangal,College Campus,2026-05-06,86,217148
ATM1075,Telangana,Warangal,College Campus,2026-05-07,101,176883
ATM1075,Telangana,Warangal,College Campus,2026-05-08,100,166751
ATM1075,Telangana,Warangal,College Campus,2026-05-09,90,268490
ATM1075,Telangana,Warangal,College Campus,2026-05-10,101,249361
ATM1075,Telangana,Warangal,College Campus,2026-05-11,83,212320
ATM1075,Telangana,Warangal,College Campus,2026-05-12,76,214885
ATM1075,Telangana,Warangal,College Campus,2026-05-13,74,203000
ATM1075,Telangana,Warangal,College Campus,2026-05-14,85,213163
ATM1075,Telangana,Warangal,College Campus,2026-05-15,96,188634
ATM1075,Telangana,Warangal,College Campus,2026-05-16,103,254102
ATM1075,Telangana,Warangal,College Campus,2026-05-17,89,249347
ATM1075,Telangana,Warangal,College Campus,2026-05-18,75,205382
ATM1075,Telangana,Warangal,College Campus,2026-05-19,91,200054
ATM1075,Telangana,Warangal,College Campus,2026-05-20,92,210010
ATM1075,Telangana,Warangal,College Campus,2026-05-21,77,209088
ATM1075,Telangana,Warangal,College Campus,2026-05-22,86,221240
ATM1075,Telangana,Warangal,College Campus,2026-05-23,88,234103
ATM1075,Telangana,Warangal,College Campus,2026-05-24,102,242987
ATM1075,Telangana,Warangal,College Campus,2026-05-25,85,206586
ATM1076,Kerala,Kochi,Petrol Bunk,2026-04-16,58,154307
ATM1076,Kerala,Kochi,Petrol Bunk,2026-04-17,77,192716
ATM1076,Kerala,Kochi,Petrol Bunk,2026-04-18,77,207058
ATM1076,Kerala,Kochi,Petrol Bunk,2026-04-19,94,237092
ATM1076,Kerala,Kochi,Petrol Bunk,2026-04-20,110,192924
ATM1076,Kerala,Kochi,Petrol Bunk,2026-04-21,72,169200
ATM1076,Kerala,Kochi,Petrol Bunk,2026-04-22,103,202093
ATM1076,Kerala,Kochi,Petrol Bunk,2026-04-23,96,188753
ATM1076,Kerala,Kochi,Petrol Bunk,2026-04-24,67,180280
ATM1076,Kerala,Kochi,Petrol Bunk,2026-04-25,134,263972
ATM1076,Kerala,Kochi,Petrol Bunk,2026-04-26,103,246794
ATM1076,Kerala,Kochi,Petrol Bunk,2026-04-27,64,166311
ATM1076,Kerala,Kochi,Petrol Bunk,2026-04-28,58,173630
ATM1076,Kerala,Kochi,Petrol Bunk,2026-04-29,103,206112
ATM1076,Kerala,Kochi,Petrol Bunk,2026-04-30,75,179854
ATM1076,Kerala,Kochi,Petrol Bunk,2026-05-01,91,180901
ATM1076,Kerala,Kochi,Petrol Bunk,2026-05-02,88,211168
ATM1076,Kerala,Kochi,Petrol Bunk,2026-05-03,76,225005
ATM1076,Kerala,Kochi,Petrol Bunk,2026-05-04,86,197585
ATM1076,Kerala,Kochi,Petrol Bunk,2026-05-05,69,173897
ATM1076,Kerala,Kochi,Petrol Bunk,2026-05-06,106,200919
ATM1076,Kerala,Kochi,Petrol Bunk,2026-05-07,64,170561
ATM1076,Kerala,Kochi,Petrol Bunk,2026-05-08,80,173569
ATM1076,Kerala,Kochi,Petrol Bunk,2026-05-09,116,204731
ATM1076,Kerala,Kochi,Petrol Bunk,2026-05-10,119,210810
ATM1076,Kerala,Kochi,Petrol Bunk,2026-05-11,100,195381
ATM1076,Kerala,Kochi,Petrol Bunk,2026-05-12,80,160642
ATM1076,Kerala,Kochi,Petrol Bunk,2026-05-13,61,170240
ATM1076,Kerala,Kochi,Petrol Bunk,2026-05-14,87,207981
ATM1076,Kerala,Kochi,Petrol Bunk,2026-05-15,77,201333
ATM1076,Kerala,Kochi,Petrol Bunk,2026-05-16,112,229523
ATM1076,Kerala,Kochi,Petrol Bunk,2026-05-17,76,225377
ATM1076,Kerala,Kochi,Petrol Bunk,2026-05-18,106,208268
ATM1076,Kerala,Kochi,Petrol Bunk,2026-05-19,59,178620
ATM1076,Kerala,Kochi,Petrol Bunk,2026-05-20,122,208121
ATM1076,Kerala,Kochi,Petrol Bunk,2026-05-21,71,173439
ATM1076,Kerala,Kochi,Petrol Bunk,2026-05-22,132,207226
ATM1076,Kerala,Kochi,Petrol Bunk,2026-05-23,103,251722
ATM1076,Kerala,Kochi,Petrol Bunk,2026-05-24,86,237149
ATM1076,Kerala,Kochi,Petrol Bunk,2026-05-25,125,193089
ATM1077,Delhi,New Delhi,IT Park,2026-04-16,67,180792
ATM1077,Delhi,New Delhi,IT Park,2026-04-17,97,190818
ATM1077,Delhi,New Delhi,IT Park,2026-04-18,115,241669
ATM1077,Delhi,New Delhi,IT Park,2026-04-19,110,254515
ATM1077,Delhi,New Delhi,IT Park,2026-04-20,116,212242
ATM1077,Delhi,New Delhi,IT Park,2026-04-21,134,204545
ATM1077,Delhi,New Delhi,IT Park,2026-04-22,78,185193
ATM1077,Delhi,New Delhi,IT Park,2026-04-23,90,191458
ATM1077,Delhi,New Delhi,IT Park,2026-04-24,124,202933
ATM1077,Delhi,New Delhi,IT Park,2026-04-25,118,247880
ATM1077,Delhi,New Delhi,IT Park,2026-04-26,74,218638
ATM1077,Delhi,New Delhi,IT Park,2026-04-27,83,175690
ATM1077,Delhi,New Delhi,IT Park,2026-04-28,81,191424
ATM1077,Delhi,New Delhi,IT Park,2026-04-29,124,210181
ATM1077,Delhi,New Delhi,IT Park,2026-04-30,73,190890
ATM1077,Delhi,New Delhi,IT Park,2026-05-01,144,218920
ATM1077,Delhi,New Delhi,IT Park,2026-05-02,160,244155
ATM1077,Delhi,New Delhi,IT Park,2026-05-03,121,259390
ATM1077,Delhi,New Delhi,IT Park,2026-05-04,143,236012
ATM1077,Delhi,New Delhi,IT Park,2026-05-05,91,213399
ATM1077,Delhi,New Delhi,IT Park,2026-05-06,91,215546
ATM1077,Delhi,New Delhi,IT Park,2026-05-07,84,219640
ATM1077,Delhi,New Delhi,IT Park,2026-05-08,96,186753
ATM1077,Delhi,New Delhi,IT Park,2026-05-09,102,269872
ATM1077,Delhi,New Delhi,IT Park,2026-05-10,117,253186
ATM1077,Delhi,New Delhi,IT Park,2026-05-11,110,179127
ATM1077,Delhi,New Delhi,IT Park,2026-05-12,115,197864
ATM1077,Delhi,New Delhi,IT Park,2026-05-13,70,186189
ATM1077,Delhi,New Delhi,IT Park,2026-05-14,58,164224
ATM1077,Delhi,New Delhi,IT Park,2026-05-15,115,194630
ATM1077,Delhi,New Delhi,IT Park,2026-05-16,104,254080
ATM1077,Delhi,New Delhi,IT Park,2026-05-17,82,241915
ATM1077,Delhi,New Delhi,IT Park,2026-05-18,96,185521
ATM1077,Delhi,New Delhi,IT Park,2026-05-19,90,154078
ATM1077,Delhi,New Delhi,IT Park,2026-05-20,80,200738
ATM1077,Delhi,New Delhi,IT Park,2026-05-21,80,168562
ATM1077,Delhi,New Delhi,IT Park,2026-05-22,97,185601
ATM1077,Delhi,New Delhi,IT Park,2026-05-23,83,222436
ATM1077,Delhi,New Delhi,IT Park,2026-05-24,101,263279
ATM1077,Delhi,New Delhi,IT Park,2026-05-25,67,190354
ATM1078,Kerala,Kochi,Market Area,2026-04-16,136,368695
ATM1078,Kerala,Kochi,Market Area,2026-04-17,125,345336
ATM1078,Kerala,Kochi,Market Area,2026-04-18,225,401130
ATM1078,Kerala,Kochi,Market Area,2026-04-19,270,431945
ATM1078,Kerala,Kochi,Market Area,2026-04-20,120,331748
ATM1078,Kerala,Kochi,Market Area,2026-04-21,119,308648
ATM1078,Kerala,Kochi,Market Area,2026-04-22,197,322520
ATM1078,Kerala,Kochi,Market Area,2026-04-23,121,332265
ATM1078,Kerala,Kochi,Market Area,2026-04-24,150,330041
ATM1078,Kerala,Kochi,Market Area,2026-04-25,228,427495
ATM1078,Kerala,Kochi,Market Area,2026-04-26,189,436642
ATM1078,Kerala,Kochi,Market Area,2026-04-27,164,315461
ATM1078,Kerala,Kochi,Market Area,2026-04-28,122,357805
ATM1078,Kerala,Kochi,Market Area,2026-04-29,126,324235
ATM1078,Kerala,Kochi,Market Area,2026-04-30,180,354286
ATM1078,Kerala,Kochi,Market Area,2026-05-01,113,313041
ATM1078,Kerala,Kochi,Market Area,2026-05-02,159,414146
ATM1078,Kerala,Kochi,Market Area,2026-05-03,227,415239
ATM1078,Kerala,Kochi,Market Area,2026-05-04,106,320085
ATM1078,Kerala,Kochi,Market Area,2026-05-05,229,346458
ATM1078,Kerala,Kochi,Market Area,2026-05-06,122,343797
ATM1078,Kerala,Kochi,Market Area,2026-05-07,214,330773
ATM1078,Kerala,Kochi,Market Area,2026-05-08,110,328031
ATM1078,Kerala,Kochi,Market Area,2026-05-09,254,400482
ATM1078,Kerala,Kochi,Market Area,2026-05-10,189,411934
ATM1078,Kerala,Kochi,Market Area,2026-05-11,176,336804
ATM1078,Kerala,Kochi,Market Area,2026-05-12,147,322102
ATM1078,Kerala,Kochi,Market Area,2026-05-13,146,313584
ATM1078,Kerala,Kochi,Market Area,2026-05-14,131,351551
ATM1078,Kerala,Kochi,Market Area,2026-05-15,164,307266
ATM1078,Kerala,Kochi,Market Area,2026-05-16,147,399877
ATM1078,Kerala,Kochi,Market Area,2026-05-17,147,412373
ATM1078,Kerala,Kochi,Market Area,2026-05-18,111,319393
ATM1078,Kerala,Kochi,Market Area,2026-05-19,196,332615
ATM1078,Kerala,Kochi,Market Area,2026-05-20,128,342213
ATM1078,Kerala,Kochi,Market Area,2026-05-21,131,297959
ATM1078,Kerala,Kochi,Market Area,2026-05-22,114,317799
ATM1078,Kerala,Kochi,Market Area,2026-05-23,178,386335
ATM1078,Kerala,Kochi,Market Area,2026-05-24,193,415242
ATM1078,Kerala,Kochi,Market Area,2026-05-25,186,332175
ATM1079,Gujarat,Surat,Hospital,2026-04-16,150,333736
ATM1079,Gujarat,Surat,Hospital,2026-04-17,121,321034
ATM1079,Gujarat,Surat,Hospital,2026-04-18,265,407121
ATM1079,Gujarat,Surat,Hospital,2026-04-19,164,396675
ATM1079,Gujarat,Surat,Hospital,2026-04-20,162,320874
ATM1079,Gujarat,Surat,Hospital,2026-04-21,184,300299
ATM1079,Gujarat,Surat,Hospital,2026-04-22,174,306674
ATM1079,Gujarat,Surat,Hospital,2026-04-23,154,304020
ATM1079,Gujarat,Surat,Hospital,2026-04-24,175,314669
ATM1079,Gujarat,Surat,Hospital,2026-04-25,236,420240
ATM1079,Gujarat,Surat,Hospital,2026-04-26,175,425373
ATM1079,Gujarat,Surat,Hospital,2026-04-27,105,300122
ATM1079,Gujarat,Surat,Hospital,2026-04-28,119,300625
ATM1079,Gujarat,Surat,Hospital,2026-04-29,122,329519
ATM1079,Gujarat,Surat,Hospital,2026-04-30,175,320730
ATM1079,Gujarat,Surat,Hospital,2026-05-01,146,308801
ATM1079,Gujarat,Surat,Hospital,2026-05-02,241,398628
ATM1079,Gujarat,Surat,Hospital,2026-05-03,235,380592
ATM1079,Gujarat,Surat,Hospital,2026-05-04,131,282595
ATM1079,Gujarat,Surat,Hospital,2026-05-05,143,312693
ATM1079,Gujarat,Surat,Hospital,2026-05-06,194,344078
ATM1079,Gujarat,Surat,Hospital,2026-05-07,215,343133
ATM1079,Gujarat,Surat,Hospital,2026-05-08,117,328579
ATM1079,Gujarat,Surat,Hospital,2026-05-09,256,436269
ATM1079,Gujarat,Surat,Hospital,2026-05-10,225,410447
ATM1079,Gujarat,Surat,Hospital,2026-05-11,159,336724
ATM1079,Gujarat,Surat,Hospital,2026-05-12,180,318088
ATM1079,Gujarat,Surat,Hospital,2026-05-13,171,267724
ATM1079,Gujarat,Surat,Hospital,2026-05-14,172,304730
ATM1079,Gujarat,Surat,Hospital,2026-05-15,175,335836
ATM1079,Gujarat,Surat,Hospital,2026-05-16,148,411831
ATM1079,Gujarat,Surat,Hospital,2026-05-17,135,401897
ATM1079,Gujarat,Surat,Hospital,2026-05-18,159,341542
ATM1079,Gujarat,Surat,Hospital,2026-05-19,187,310040
ATM1079,Gujarat,Surat,Hospital,2026-05-20,131,337079
ATM1079,Gujarat,Surat,Hospital,2026-05-21,117,352203
ATM1079,Gujarat,Surat,Hospital,2026-05-22,108,310920
ATM1079,Gujarat,Surat,Hospital,2026-05-23,223,402265
ATM1079,Gujarat,Surat,Hospital,2026-05-24,269,416970
ATM1079,Gujarat,Surat,Hospital,2026-05-25,117,317201
ATM1080,Telangana,Hyderabad,Bus Stand,2026-04-16,97,279871
ATM1080,Telangana,Hyderabad,Bus Stand,2026-04-17,161,270938
ATM1080,Telangana,Hyderabad,Bus Stand,2026-04-18,165,305088
ATM1080,Telangana,Hyderabad,Bus Stand,2026-04-19,139,320723
ATM1080,Telangana,Hyderabad,Bus Stand,2026-04-20,144,300812
ATM1080,Telangana,Hyderabad,Bus Stand,2026-04-21,144,279545
ATM1080,Telangana,Hyderabad,Bus Stand,2026-04-22,86,250443
ATM1080,Telangana,Hyderabad,Bus Stand,2026-04-23,91,270793
ATM1080,Telangana,Hyderabad,Bus Stand,2026-04-24,97,265307
ATM1080,Telangana,Hyderabad,Bus Stand,2026-04-25,146,350807
ATM1080,Telangana,Hyderabad,Bus Stand,2026-04-26,210,327104
ATM1080,Telangana,Hyderabad,Bus Stand,2026-04-27,108,287695
ATM1080,Telangana,Hyderabad,Bus Stand,2026-04-28,133,259467
ATM1080,Telangana,Hyderabad,Bus Stand,2026-04-29,94,269760
ATM1080,Telangana,Hyderabad,Bus Stand,2026-04-30,97,260426
ATM1080,Telangana,Hyderabad,Bus Stand,2026-05-01,137,277055
ATM1080,Telangana,Hyderabad,Bus Stand,2026-05-02,120,358318
ATM1080,Telangana,Hyderabad,Bus Stand,2026-05-03,121,314634
ATM1080,Telangana,Hyderabad,Bus Stand,2026-05-04,120,259357
ATM1080,Telangana,Hyderabad,Bus Stand,2026-05-05,93,272502
ATM1080,Telangana,Hyderabad,Bus Stand,2026-05-06,94,255039
ATM1080,Telangana,Hyderabad,Bus Stand,2026-05-07,167,269747
ATM1080,Telangana,Hyderabad,Bus Stand,2026-05-08,137,255627
ATM1080,Telangana,Hyderabad,Bus Stand,2026-05-09,165,320110
ATM1080,Telangana,Hyderabad,Bus Stand,2026-05-10,143,337592
ATM1080,Telangana,Hyderabad,Bus Stand,2026-05-11,102,241082
ATM1080,Telangana,Hyderabad,Bus Stand,2026-05-12,85,254403
ATM1080,Telangana,Hyderabad,Bus Stand,2026-05-13,109,259442
ATM1080,Telangana,Hyderabad,Bus Stand,2026-05-14,98,263695
ATM1080,Telangana,Hyderabad,Bus Stand,2026-05-15,94,277029
ATM1080,Telangana,Hyderabad,Bus Stand,2026-05-16,118,327195
ATM1080,Telangana,Hyderabad,Bus Stand,2026-05-17,152,300867
ATM1080,Telangana,Hyderabad,Bus Stand,2026-05-18,116,276831
ATM1080,Telangana,Hyderabad,Bus Stand,2026-05-19,105,267998
ATM1080,Telangana,Hyderabad,Bus Stand,2026-05-20,117,251880
ATM1080,Telangana,Hyderabad,Bus Stand,2026-05-21,143,262290
ATM1080,Telangana,Hyderabad,Bus Stand,2026-05-22,94,265459
ATM1080,Telangana,Hyderabad,Bus Stand,2026-05-23,201,309557
ATM1080,Telangana,Hyderabad,Bus Stand,2026-05-24,150,318554
ATM1080,Telangana,Hyderabad,Bus Stand,2026-05-25,90,269303
ATM1081,Andhra Pradesh,Vijayawada,Residential Area,2026-04-16,121,290597
ATM1081,Andhra Pradesh,Vijayawada,Residential Area,2026-04-17,146,299413
ATM1081,Andhra Pradesh,Vijayawada,Residential Area,2026-04-18,176,356489
ATM1081,Andhra Pradesh,Vijayawada,Residential Area,2026-04-19,134,373247
ATM1081,Andhra Pradesh,Vijayawada,Residential Area,2026-04-20,118,305245
ATM1081,Andhra Pradesh,Vijayawada,Residential Area,2026-04-21,145,273131
ATM1081,Andhra Pradesh,Vijayawada,Residential Area,2026-04-22,115,286810
ATM1081,Andhra Pradesh,Vijayawada,Residential Area,2026-04-23,163,286983
ATM1081,Andhra Pradesh,Vijayawada,Residential Area,2026-04-24,113,307252
ATM1081,Andhra Pradesh,Vijayawada,Residential Area,2026-04-25,161,367581
ATM1081,Andhra Pradesh,Vijayawada,Residential Area,2026-04-26,204,345825
ATM1081,Andhra Pradesh,Vijayawada,Residential Area,2026-04-27,98,278963
ATM1081,Andhra Pradesh,Vijayawada,Residential Area,2026-04-28,106,286648
ATM1081,Andhra Pradesh,Vijayawada,Residential Area,2026-04-29,95,284436
ATM1081,Andhra Pradesh,Vijayawada,Residential Area,2026-04-30,156,302758
ATM1081,Andhra Pradesh,Vijayawada,Residential Area,2026-05-01,143,289142
ATM1081,Andhra Pradesh,Vijayawada,Residential Area,2026-05-02,165,364952
ATM1081,Andhra Pradesh,Vijayawada,Residential Area,2026-05-03,193,378899
ATM1081,Andhra Pradesh,Vijayawada,Residential Area,2026-05-04,131,299451
ATM1081,Andhra Pradesh,Vijayawada,Residential Area,2026-05-05,112,290982
ATM1081,Andhra Pradesh,Vijayawada,Residential Area,2026-05-06,116,310651
ATM1081,Andhra Pradesh,Vijayawada,Residential Area,2026-05-07,164,305281
ATM1081,Andhra Pradesh,Vijayawada,Residential Area,2026-05-08,174,295119
ATM1081,Andhra Pradesh,Vijayawada,Residential Area,2026-05-09,127,359553
ATM1081,Andhra Pradesh,Vijayawada,Residential Area,2026-05-10,185,386130
ATM1081,Andhra Pradesh,Vijayawada,Residential Area,2026-05-11,102,278608
ATM1081,Andhra Pradesh,Vijayawada,Residential Area,2026-05-12,181,288595
ATM1081,Andhra Pradesh,Vijayawada,Residential Area,2026-05-13,132,300460
ATM1081,Andhra Pradesh,Vijayawada,Residential Area,2026-05-14,150,285913
ATM1081,Andhra Pradesh,Vijayawada,Residential Area,2026-05-15,108,295258
ATM1081,Andhra Pradesh,Vijayawada,Residential Area,2026-05-16,165,367519
ATM1081,Andhra Pradesh,Vijayawada,Residential Area,2026-05-17,188,365178
ATM1081,Andhra Pradesh,Vijayawada,Residential Area,2026-05-18,202,321200
ATM1081,Andhra Pradesh,Vijayawada,Residential Area,2026-05-19,157,294585
ATM1081,Andhra Pradesh,Vijayawada,Residential Area,2026-05-20,183,292377
ATM1081,Andhra Pradesh,Vijayawada,Residential Area,2026-05-21,154,301441
ATM1081,Andhra Pradesh,Vijayawada,Residential Area,2026-05-22,181,293474
ATM1081,Andhra Pradesh,Vijayawada,Residential Area,2026-05-23,234,393051
ATM1081,Andhra Pradesh,Vijayawada,Residential Area,2026-05-24,207,385396
ATM1081,Andhra Pradesh,Vijayawada,Residential Area,2026-05-25,112,274485
ATM1082,Delhi,New Delhi,Railway Station,2026-04-16,191,440488
ATM1082,Delhi,New Delhi,Railway Station,2026-04-17,181,409277
ATM1082,Delhi,New Delhi,Railway Station,2026-04-18,213,508772
ATM1082,Delhi,New Delhi,Railway Station,2026-04-19,324,561616
ATM1082,Delhi,New Delhi,Railway Station,2026-04-20,183,451965
ATM1082,Delhi,New Delhi,Railway Station,2026-04-21,285,440328
ATM1082,Delhi,New Delhi,Railway Station,2026-04-22,204,431819
ATM1082,Delhi,New Delhi,Railway Station,2026-04-23,164,476285
ATM1082,Delhi,New Delhi,Railway Station,2026-04-24,193,449960
ATM1082,Delhi,New Delhi,Railway Station,2026-04-25,201,542620
ATM1082,Delhi,New Delhi,Railway Station,2026-04-26,307,572496
ATM1082,Delhi,New Delhi,Railway Station,2026-04-27,207,435130
ATM1082,Delhi,New Delhi,Railway Station,2026-04-28,211,457466
ATM1082,Delhi,New Delhi,Railway Station,2026-04-29,202,465492
ATM1082,Delhi,New Delhi,Railway Station,2026-04-30,166,425364
ATM1082,Delhi,New Delhi,Railway Station,2026-05-01,148,414611
ATM1082,Delhi,New Delhi,Railway Station,2026-05-02,337,545233
ATM1082,Delhi,New Delhi,Railway Station,2026-05-03,273,532915
ATM1082,Delhi,New Delhi,Railway Station,2026-05-04,273,415012
ATM1082,Delhi,New Delhi,Railway Station,2026-05-05,223,448477
ATM1082,Delhi,New Delhi,Railway Station,2026-05-06,258,423722
ATM1082,Delhi,New Delhi,Railway Station,2026-05-07,164,462579
ATM1082,Delhi,New Delhi,Railway Station,2026-05-08,229,455933
ATM1082,Delhi,New Delhi,Railway Station,2026-05-09,249,544732
ATM1082,Delhi,New Delhi,Railway Station,2026-05-10,316,547696
ATM1082,Delhi,New Delhi,Railway Station,2026-05-11,143,398837
ATM1082,Delhi,New Delhi,Railway Station,2026-05-12,157,411350
ATM1082,Delhi,New Delhi,Railway Station,2026-05-13,262,457066
ATM1082,Delhi,New Delhi,Railway Station,2026-05-14,218,394360
ATM1082,Delhi,New Delhi,Railway Station,2026-05-15,283,434267
ATM1082,Delhi,New Delhi,Railway Station,2026-05-16,266,565618
ATM1082,Delhi,New Delhi,Railway Station,2026-05-17,277,534881
ATM1082,Delhi,New Delhi,Railway Station,2026-05-18,204,442005
ATM1082,Delhi,New Delhi,Railway Station,2026-05-19,241,449053
ATM1082,Delhi,New Delhi,Railway Station,2026-05-20,171,425142
ATM1082,Delhi,New Delhi,Railway Station,2026-05-21,151,437522
ATM1082,Delhi,New Delhi,Railway Station,2026-05-22,176,449570
ATM1082,Delhi,New Delhi,Railway Station,2026-05-23,192,528945
ATM1082,Delhi,New Delhi,Railway Station,2026-05-24,199,528296
ATM1082,Delhi,New Delhi,Railway Station,2026-05-25,210,411507
ATM1083,Tamil Nadu,Coimbatore,Residential Area,2026-04-16,85,212079
ATM1083,Tamil Nadu,Coimbatore,Residential Area,2026-04-17,96,229566
ATM1083,Tamil Nadu,Coimbatore,Residential Area,2026-04-18,111,268409
ATM1083,Tamil Nadu,Coimbatore,Residential Area,2026-04-19,127,276346
ATM1083,Tamil Nadu,Coimbatore,Residential Area,2026-04-20,73,180777
ATM1083,Tamil Nadu,Coimbatore,Residential Area,2026-04-21,138,245282
ATM1083,Tamil Nadu,Coimbatore,Residential Area,2026-04-22,135,217713
ATM1083,Tamil Nadu,Coimbatore,Residential Area,2026-04-23,108,199939
ATM1083,Tamil Nadu,Coimbatore,Residential Area,2026-04-24,71,193095
ATM1083,Tamil Nadu,Coimbatore,Residential Area,2026-04-25,107,250472
ATM1083,Tamil Nadu,Coimbatore,Residential Area,2026-04-26,97,278294
ATM1083,Tamil Nadu,Coimbatore,Residential Area,2026-04-27,97,228751
ATM1083,Tamil Nadu,Coimbatore,Residential Area,2026-04-28,80,207278
ATM1083,Tamil Nadu,Coimbatore,Residential Area,2026-04-29,149,226195
ATM1083,Tamil Nadu,Coimbatore,Residential Area,2026-04-30,76,191554
ATM1083,Tamil Nadu,Coimbatore,Residential Area,2026-05-01,86,206805
ATM1083,Tamil Nadu,Coimbatore,Residential Area,2026-05-02,98,254822
ATM1083,Tamil Nadu,Coimbatore,Residential Area,2026-05-03,114,270150
ATM1083,Tamil Nadu,Coimbatore,Residential Area,2026-05-04,92,193101
ATM1083,Tamil Nadu,Coimbatore,Residential Area,2026-05-05,73,202823
ATM1083,Tamil Nadu,Coimbatore,Residential Area,2026-05-06,138,208729
ATM1083,Tamil Nadu,Coimbatore,Residential Area,2026-05-07,112,212916
ATM1083,Tamil Nadu,Coimbatore,Residential Area,2026-05-08,83,190596
ATM1083,Tamil Nadu,Coimbatore,Residential Area,2026-05-09,102,261045
ATM1083,Tamil Nadu,Coimbatore,Residential Area,2026-05-10,101,240803
ATM1083,Tamil Nadu,Coimbatore,Residential Area,2026-05-11,66,185879
ATM1083,Tamil Nadu,Coimbatore,Residential Area,2026-05-12,141,231288
ATM1083,Tamil Nadu,Coimbatore,Residential Area,2026-05-13,135,226517
ATM1083,Tamil Nadu,Coimbatore,Residential Area,2026-05-14,84,213443
ATM1083,Tamil Nadu,Coimbatore,Residential Area,2026-05-15,133,205536
ATM1083,Tamil Nadu,Coimbatore,Residential Area,2026-05-16,113,271457
ATM1083,Tamil Nadu,Coimbatore,Residential Area,2026-05-17,109,245402
ATM1083,Tamil Nadu,Coimbatore,Residential Area,2026-05-18,111,207460
ATM1083,Tamil Nadu,Coimbatore,Residential Area,2026-05-19,138,211081
ATM1083,Tamil Nadu,Coimbatore,Residential Area,2026-05-20,76,176700
ATM1083,Tamil Nadu,Coimbatore,Residential Area,2026-05-21,77,191029
ATM1083,Tamil Nadu,Coimbatore,Residential Area,2026-05-22,91,190891
ATM1083,Tamil Nadu,Coimbatore,Residential Area,2026-05-23,143,260863
ATM1083,Tamil Nadu,Coimbatore,Residential Area,2026-05-24,153,281426
ATM1083,Tamil Nadu,Coimbatore,Residential Area,2026-05-25,98,186688
ATM1084,Andhra Pradesh,Visakhapatnam,Airport,2026-04-16,116,344167
ATM1084,Andhra Pradesh,Visakhapatnam,Airport,2026-04-17,204,323223
ATM1084,Andhra Pradesh,Visakhapatnam,Airport,2026-04-18,210,453408
ATM1084,Andhra Pradesh,Visakhapatnam,Airport,2026-04-19,222,418109
ATM1084,Andhra Pradesh,Visakhapatnam,Airport,2026-04-20,137,351036
ATM1084,Andhra Pradesh,Visakhapatnam,Airport,2026-04-21,130,353111
ATM1084,Andhra Pradesh,Visakhapatnam,Airport,2026-04-22,113,330436
ATM1084,Andhra Pradesh,Visakhapatnam,Airport,2026-04-23,166,334723
ATM1084,Andhra Pradesh,Visakhapatnam,Airport,2026-04-24,178,310802
ATM1084,Andhra Pradesh,Visakhapatnam,Airport,2026-04-25,161,426898
ATM1084,Andhra Pradesh,Visakhapatnam,Airport,2026-04-26,261,403935
ATM1084,Andhra Pradesh,Visakhapatnam,Airport,2026-04-27,116,348526
ATM1084,Andhra Pradesh,Visakhapatnam,Airport,2026-04-28,126,340655
ATM1084,Andhra Pradesh,Visakhapatnam,Airport,2026-04-29,135,322013
ATM1084,Andhra Pradesh,Visakhapatnam,Airport,2026-04-30,169,323729
ATM1084,Andhra Pradesh,Visakhapatnam,Airport,2026-05-01,191,319099
ATM1084,Andhra Pradesh,Visakhapatnam,Airport,2026-05-02,151,412198
ATM1084,Andhra Pradesh,Visakhapatnam,Airport,2026-05-03,170,411486
ATM1084,Andhra Pradesh,Visakhapatnam,Airport,2026-05-04,131,326884
ATM1084,Andhra Pradesh,Visakhapatnam,Airport,2026-05-05,204,360506
ATM1084,Andhra Pradesh,Visakhapatnam,Airport,2026-05-06,132,311114
ATM1084,Andhra Pradesh,Visakhapatnam,Airport,2026-05-07,114,335840
ATM1084,Andhra Pradesh,Visakhapatnam,Airport,2026-05-08,137,336981
ATM1084,Andhra Pradesh,Visakhapatnam,Airport,2026-05-09,144,430488
ATM1084,Andhra Pradesh,Visakhapatnam,Airport,2026-05-10,136,409419
ATM1084,Andhra Pradesh,Visakhapatnam,Airport,2026-05-11,185,316223
ATM1084,Andhra Pradesh,Visakhapatnam,Airport,2026-05-12,152,322160
ATM1084,Andhra Pradesh,Visakhapatnam,Airport,2026-05-13,112,317776
ATM1084,Andhra Pradesh,Visakhapatnam,Airport,2026-05-14,154,330986
ATM1084,Andhra Pradesh,Visakhapatnam,Airport,2026-05-15,121,324955
ATM1084,Andhra Pradesh,Visakhapatnam,Airport,2026-05-16,225,431964
ATM1084,Andhra Pradesh,Visakhapatnam,Airport,2026-05-17,213,409877
ATM1084,Andhra Pradesh,Visakhapatnam,Airport,2026-05-18,143,342758
ATM1084,Andhra Pradesh,Visakhapatnam,Airport,2026-05-19,151,352230
ATM1084,Andhra Pradesh,Visakhapatnam,Airport,2026-05-20,198,348435
ATM1084,Andhra Pradesh,Visakhapatnam,Airport,2026-05-21,124,322678
ATM1084,Andhra Pradesh,Visakhapatnam,Airport,2026-05-22,222,349239
ATM1084,Andhra Pradesh,Visakhapatnam,Airport,2026-05-23,295,455397
ATM1084,Andhra Pradesh,Visakhapatnam,Airport,2026-05-24,246,417072
ATM1084,Andhra Pradesh,Visakhapatnam,Airport,2026-05-25,189,346049
ATM1085,Andhra Pradesh,Visakhapatnam,Railway Station,2026-04-16,100,288103
ATM1085,Andhra Pradesh,Visakhapatnam,Railway Station,2026-04-17,121,321516
ATM1085,Andhra Pradesh,Visakhapatnam,Railway Station,2026-04-18,192,384632
ATM1085,Andhra Pradesh,Visakhapatnam,Railway Station,2026-04-19,169,372468
ATM1085,Andhra Pradesh,Visakhapatnam,Railway Station,2026-04-20,184,313460
ATM1085,Andhra Pradesh,Visakhapatnam,Railway Station,2026-04-21,111,306126
ATM1085,Andhra Pradesh,Visakhapatnam,Railway Station,2026-04-22,172,299907
ATM1085,Andhra Pradesh,Visakhapatnam,Railway Station,2026-04-23,121,325460
ATM1085,Andhra Pradesh,Visakhapatnam,Railway Station,2026-04-24,109,312687
ATM1085,Andhra Pradesh,Visakhapatnam,Railway Station,2026-04-25,248,397443
ATM1085,Andhra Pradesh,Visakhapatnam,Railway Station,2026-04-26,180,365538
ATM1085,Andhra Pradesh,Visakhapatnam,Railway Station,2026-04-27,169,297988
ATM1085,Andhra Pradesh,Visakhapatnam,Railway Station,2026-04-28,166,312301
ATM1085,Andhra Pradesh,Visakhapatnam,Railway Station,2026-04-29,184,310224
ATM1085,Andhra Pradesh,Visakhapatnam,Railway Station,2026-04-30,161,301351
ATM1085,Andhra Pradesh,Visakhapatnam,Railway Station,2026-05-01,127,287446
ATM1085,Andhra Pradesh,Visakhapatnam,Railway Station,2026-05-02,131,379325
ATM1085,Andhra Pradesh,Visakhapatnam,Railway Station,2026-05-03,205,378695
ATM1085,Andhra Pradesh,Visakhapatnam,Railway Station,2026-05-04,122,294965
ATM1085,Andhra Pradesh,Visakhapatnam,Railway Station,2026-05-05,122,299778
ATM1085,Andhra Pradesh,Visakhapatnam,Railway Station,2026-05-06,116,329488
ATM1085,Andhra Pradesh,Visakhapatnam,Railway Station,2026-05-07,147,292349
ATM1085,Andhra Pradesh,Visakhapatnam,Railway Station,2026-05-08,174,293274
ATM1085,Andhra Pradesh,Visakhapatnam,Railway Station,2026-05-09,145,400200
ATM1085,Andhra Pradesh,Visakhapatnam,Railway Station,2026-05-10,244,382046
ATM1085,Andhra Pradesh,Visakhapatnam,Railway Station,2026-05-11,174,314231
ATM1085,Andhra Pradesh,Visakhapatnam,Railway Station,2026-05-12,149,297731
ATM1085,Andhra Pradesh,Visakhapatnam,Railway Station,2026-05-13,182,300326
ATM1085,Andhra Pradesh,Visakhapatnam,Railway Station,2026-05-14,104,291755
ATM1085,Andhra Pradesh,Visakhapatnam,Railway Station,2026-05-15,180,279910
ATM1085,Andhra Pradesh,Visakhapatnam,Railway Station,2026-05-16,159,372799
ATM1085,Andhra Pradesh,Visakhapatnam,Railway Station,2026-05-17,210,372942
ATM1085,Andhra Pradesh,Visakhapatnam,Railway Station,2026-05-18,118,319840
ATM1085,Andhra Pradesh,Visakhapatnam,Railway Station,2026-05-19,118,317130
ATM1085,Andhra Pradesh,Visakhapatnam,Railway Station,2026-05-20,151,323164
ATM1085,Andhra Pradesh,Visakhapatnam,Railway Station,2026-05-21,114,301759
ATM1085,Andhra Pradesh,Visakhapatnam,Railway Station,2026-05-22,111,293724
ATM1085,Andhra Pradesh,Visakhapatnam,Railway Station,2026-05-23,139,362339
ATM1085,Andhra Pradesh,Visakhapatnam,Railway Station,2026-05-24,254,386417
ATM1085,Andhra Pradesh,Visakhapatnam,Railway Station,2026-05-25,101,271880
ATM1086,Telangana,Hyderabad,Shopping Mall,2026-04-16,49,120365
ATM1086,Telangana,Hyderabad,Shopping Mall,2026-04-17,43,108834
ATM1086,Telangana,Hyderabad,Shopping Mall,2026-04-18,96,150655
ATM1086,Telangana,Hyderabad,Shopping Mall,2026-04-19,88,143765
ATM1086,Telangana,Hyderabad,Shopping Mall,2026-04-20,67,113567
ATM1086,Telangana,Hyderabad,Shopping Mall,2026-04-21,63,128795
ATM1086,Telangana,Hyderabad,Shopping Mall,2026-04-22,89,144521
ATM1086,Telangana,Hyderabad,Shopping Mall,2026-04-23,43,130299
ATM1086,Telangana,Hyderabad,Shopping Mall,2026-04-24,86,133429
ATM1086,Telangana,Hyderabad,Shopping Mall,2026-04-25,47,128431
ATM1086,Telangana,Hyderabad,Shopping Mall,2026-04-26,91,150413
ATM1086,Telangana,Hyderabad,Shopping Mall,2026-04-27,39,106153
ATM1086,Telangana,Hyderabad,Shopping Mall,2026-04-28,48,141747
ATM1086,Telangana,Hyderabad,Shopping Mall,2026-04-29,53,137491
ATM1086,Telangana,Hyderabad,Shopping Mall,2026-04-30,39,79110
ATM1086,Telangana,Hyderabad,Shopping Mall,2026-05-01,70,119941
ATM1086,Telangana,Hyderabad,Shopping Mall,2026-05-02,52,156365
ATM1086,Telangana,Hyderabad,Shopping Mall,2026-05-03,58,164600
ATM1086,Telangana,Hyderabad,Shopping Mall,2026-05-04,71,136373
ATM1086,Telangana,Hyderabad,Shopping Mall,2026-05-05,52,91532
ATM1086,Telangana,Hyderabad,Shopping Mall,2026-05-06,36,102706
ATM1086,Telangana,Hyderabad,Shopping Mall,2026-05-07,38,115238
ATM1086,Telangana,Hyderabad,Shopping Mall,2026-05-08,40,120020
ATM1086,Telangana,Hyderabad,Shopping Mall,2026-05-09,78,119772
ATM1086,Telangana,Hyderabad,Shopping Mall,2026-05-10,54,160947
ATM1086,Telangana,Hyderabad,Shopping Mall,2026-05-11,58,118594
ATM1086,Telangana,Hyderabad,Shopping Mall,2026-05-12,50,113936
ATM1086,Telangana,Hyderabad,Shopping Mall,2026-05-13,43,127044
ATM1086,Telangana,Hyderabad,Shopping Mall,2026-05-14,90,182706
ATM1086,Telangana,Hyderabad,Shopping Mall,2026-05-15,64,130828
ATM1086,Telangana,Hyderabad,Shopping Mall,2026-05-16,49,122035
ATM1086,Telangana,Hyderabad,Shopping Mall,2026-05-17,86,140676
ATM1086,Telangana,Hyderabad,Shopping Mall,2026-05-18,44,116906
ATM1086,Telangana,Hyderabad,Shopping Mall,2026-05-19,40,97871
ATM1086,Telangana,Hyderabad,Shopping Mall,2026-05-20,41,115014
ATM1086,Telangana,Hyderabad,Shopping Mall,2026-05-21,50,120138
ATM1086,Telangana,Hyderabad,Shopping Mall,2026-05-22,41,118749
ATM1086,Telangana,Hyderabad,Shopping Mall,2026-05-23,72,148521
ATM1086,Telangana,Hyderabad,Shopping Mall,2026-05-24,47,139975
ATM1086,Telangana,Hyderabad,Shopping Mall,2026-05-25,78,141816
ATM1087,Karnataka,Mysore,Residential Area,2026-04-16,107,219779
ATM1087,Karnataka,Mysore,Residential Area,2026-04-17,78,234174
ATM1087,Karnataka,Mysore,Residential Area,2026-04-18,122,275963
ATM1087,Karnataka,Mysore,Residential Area,2026-04-19,137,298601
ATM1087,Karnataka,Mysore,Residential Area,2026-04-20,93,225408
ATM1087,Karnataka,Mysore,Residential Area,2026-04-21,87,244439
ATM1087,Karnataka,Mysore,Residential Area,2026-04-22,167,259912
ATM1087,Karnataka,Mysore,Residential Area,2026-04-23,84,209084
ATM1087,Karnataka,Mysore,Residential Area,2026-04-24,136,249403
ATM1087,Karnataka,Mysore,Residential Area,2026-04-25,92,251083
ATM1087,Karnataka,Mysore,Residential Area,2026-04-26,123,283856
ATM1087,Karnataka,Mysore,Residential Area,2026-04-27,151,227983
ATM1087,Karnataka,Mysore,Residential Area,2026-04-28,126,239700
ATM1087,Karnataka,Mysore,Residential Area,2026-04-29,137,227505
ATM1087,Karnataka,Mysore,Residential Area,2026-04-30,92,266363
ATM1087,Karnataka,Mysore,Residential Area,2026-05-01,82,223691
ATM1087,Karnataka,Mysore,Residential Area,2026-05-02,156,307933
ATM1087,Karnataka,Mysore,Residential Area,2026-05-03,159,278055
ATM1087,Karnataka,Mysore,Residential Area,2026-05-04,128,229683
ATM1087,Karnataka,Mysore,Residential Area,2026-05-05,88,246326
ATM1087,Karnataka,Mysore,Residential Area,2026-05-06,83,220359
ATM1087,Karnataka,Mysore,Residential Area,2026-05-07,88,235164
ATM1087,Karnataka,Mysore,Residential Area,2026-05-08,120,236136
ATM1087,Karnataka,Mysore,Residential Area,2026-05-09,115,315960
ATM1087,Karnataka,Mysore,Residential Area,2026-05-10,112,296810
ATM1087,Karnataka,Mysore,Residential Area,2026-05-11,86,234707
ATM1087,Karnataka,Mysore,Residential Area,2026-05-12,113,234661
ATM1087,Karnataka,Mysore,Residential Area,2026-05-13,99,214990
ATM1087,Karnataka,Mysore,Residential Area,2026-05-14,111,228174
ATM1087,Karnataka,Mysore,Residential Area,2026-05-15,82,211529
ATM1087,Karnataka,Mysore,Residential Area,2026-05-16,143,273993
ATM1087,Karnataka,Mysore,Residential Area,2026-05-17,178,279283
ATM1087,Karnataka,Mysore,Residential Area,2026-05-18,161,255202
ATM1087,Karnataka,Mysore,Residential Area,2026-05-19,132,233965
ATM1087,Karnataka,Mysore,Residential Area,2026-05-20,88,229822
ATM1087,Karnataka,Mysore,Residential Area,2026-05-21,73,194474
ATM1087,Karnataka,Mysore,Residential Area,2026-05-22,111,234555
ATM1087,Karnataka,Mysore,Residential Area,2026-05-23,140,289367
ATM1087,Karnataka,Mysore,Residential Area,2026-05-24,153,318104
ATM1087,Karnataka,Mysore,Residential Area,2026-05-25,82,237360
ATM1088,Telangana,Warangal,Residential Area,2026-04-16,195,475793
ATM1088,Telangana,Warangal,Residential Area,2026-04-17,224,478453
ATM1088,Telangana,Warangal,Residential Area,2026-04-18,192,569369
ATM1088,Telangana,Warangal,Residential Area,2026-04-19,232,620140
ATM1088,Telangana,Warangal,Residential Area,2026-04-20,211,470768
ATM1088,Telangana,Warangal,Residential Area,2026-04-21,166,471564
ATM1088,Telangana,Warangal,Residential Area,2026-04-22,241,489382
ATM1088,Telangana,Warangal,Residential Area,2026-04-23,226,489127
ATM1088,Telangana,Warangal,Residential Area,2026-04-24,188,502546
ATM1088,Telangana,Warangal,Residential Area,2026-04-25,236,580275
ATM1088,Telangana,Warangal,Residential Area,2026-04-26,301,616271
ATM1088,Telangana,Warangal,Residential Area,2026-04-27,194,486971
ATM1088,Telangana,Warangal,Residential Area,2026-04-28,199,481102
ATM1088,Telangana,Warangal,Residential Area,2026-04-29,240,487221
ATM1088,Telangana,Warangal,Residential Area,2026-04-30,204,480499
ATM1088,Telangana,Warangal,Residential Area,2026-05-01,308,473957
ATM1088,Telangana,Warangal,Residential Area,2026-05-02,277,585465
ATM1088,Telangana,Warangal,Residential Area,2026-05-03,243,591520
ATM1088,Telangana,Warangal,Residential Area,2026-05-04,189,473686
ATM1088,Telangana,Warangal,Residential Area,2026-05-05,203,449330
ATM1088,Telangana,Warangal,Residential Area,2026-05-06,196,492838
ATM1088,Telangana,Warangal,Residential Area,2026-05-07,311,482247
ATM1088,Telangana,Warangal,Residential Area,2026-05-08,321,484452
ATM1088,Telangana,Warangal,Residential Area,2026-05-09,271,624925
ATM1088,Telangana,Warangal,Residential Area,2026-05-10,251,579237
ATM1088,Telangana,Warangal,Residential Area,2026-05-11,207,484046
ATM1088,Telangana,Warangal,Residential Area,2026-05-12,170,473559
ATM1088,Telangana,Warangal,Residential Area,2026-05-13,232,485997
ATM1088,Telangana,Warangal,Residential Area,2026-05-14,202,471687
ATM1088,Telangana,Warangal,Residential Area,2026-05-15,185,476494
ATM1088,Telangana,Warangal,Residential Area,2026-05-16,310,619773
ATM1088,Telangana,Warangal,Residential Area,2026-05-17,359,606473
ATM1088,Telangana,Warangal,Residential Area,2026-05-18,203,467454
ATM1088,Telangana,Warangal,Residential Area,2026-05-19,196,483821
ATM1088,Telangana,Warangal,Residential Area,2026-05-20,240,485270
ATM1088,Telangana,Warangal,Residential Area,2026-05-21,217,486488
ATM1088,Telangana,Warangal,Residential Area,2026-05-22,180,483415
ATM1088,Telangana,Warangal,Residential Area,2026-05-23,284,613602
ATM1088,Telangana,Warangal,Residential Area,2026-05-24,246,577757
ATM1088,Telangana,Warangal,Residential Area,2026-05-25,223,468795
ATM1089,Andhra Pradesh,Visakhapatnam,College Campus,2026-04-16,192,458320
ATM1089,Andhra Pradesh,Visakhapatnam,College Campus,2026-04-17,172,451587
ATM1089,Andhra Pradesh,Visakhapatnam,College Campus,2026-04-18,268,570616
ATM1089,Andhra Pradesh,Visakhapatnam,College Campus,2026-04-19,303,552483
ATM1089,Andhra Pradesh,Visakhapatnam,College Campus,2026-04-20,171,430276
ATM1089,Andhra Pradesh,Visakhapatnam,College Campus,2026-04-21,248,443901
ATM1089,Andhra Pradesh,Visakhapatnam,College Campus,2026-04-22,222,442470
ATM1089,Andhra Pradesh,Visakhapatnam,College Campus,2026-04-23,279,438135
ATM1089,Andhra Pradesh,Visakhapatnam,College Campus,2026-04-24,191,488060
ATM1089,Andhra Pradesh,Visakhapatnam,College Campus,2026-04-25,180,533558
ATM1089,Andhra Pradesh,Visakhapatnam,College Campus,2026-04-26,204,532938
ATM1089,Andhra Pradesh,Visakhapatnam,College Campus,2026-04-27,249,421477
ATM1089,Andhra Pradesh,Visakhapatnam,College Campus,2026-04-28,305,468726
ATM1089,Andhra Pradesh,Visakhapatnam,College Campus,2026-04-29,172,444706
ATM1089,Andhra Pradesh,Visakhapatnam,College Campus,2026-04-30,160,451305
ATM1089,Andhra Pradesh,Visakhapatnam,College Campus,2026-05-01,261,412560
ATM1089,Andhra Pradesh,Visakhapatnam,College Campus,2026-05-02,310,542623
ATM1089,Andhra Pradesh,Visakhapatnam,College Campus,2026-05-03,219,555849
ATM1089,Andhra Pradesh,Visakhapatnam,College Campus,2026-05-04,191,450006
ATM1089,Andhra Pradesh,Visakhapatnam,College Campus,2026-05-05,262,446921
ATM1089,Andhra Pradesh,Visakhapatnam,College Campus,2026-05-06,206,433153
ATM1089,Andhra Pradesh,Visakhapatnam,College Campus,2026-05-07,175,439970
ATM1089,Andhra Pradesh,Visakhapatnam,College Campus,2026-05-08,184,458800
ATM1089,Andhra Pradesh,Visakhapatnam,College Campus,2026-05-09,234,554264
ATM1089,Andhra Pradesh,Visakhapatnam,College Campus,2026-05-10,212,556957
ATM1089,Andhra Pradesh,Visakhapatnam,College Campus,2026-05-11,235,448504
ATM1089,Andhra Pradesh,Visakhapatnam,College Campus,2026-05-12,270,456700
ATM1089,Andhra Pradesh,Visakhapatnam,College Campus,2026-05-13,165,454811
ATM1089,Andhra Pradesh,Visakhapatnam,College Campus,2026-05-14,214,421350
ATM1089,Andhra Pradesh,Visakhapatnam,College Campus,2026-05-15,146,433559
ATM1089,Andhra Pradesh,Visakhapatnam,College Campus,2026-05-16,192,556790
ATM1089,Andhra Pradesh,Visakhapatnam,College Campus,2026-05-17,320,558679
ATM1089,Andhra Pradesh,Visakhapatnam,College Campus,2026-05-18,152,450041
ATM1089,Andhra Pradesh,Visakhapatnam,College Campus,2026-05-19,272,456087
ATM1089,Andhra Pradesh,Visakhapatnam,College Campus,2026-05-20,243,431620
ATM1089,Andhra Pradesh,Visakhapatnam,College Campus,2026-05-21,166,437209
ATM1089,Andhra Pradesh,Visakhapatnam,College Campus,2026-05-22,261,453803
ATM1089,Andhra Pradesh,Visakhapatnam,College Campus,2026-05-23,213,602604
ATM1089,Andhra Pradesh,Visakhapatnam,College Campus,2026-05-24,308,560810
ATM1089,Andhra Pradesh,Visakhapatnam,College Campus,2026-05-25,227,447232
ATM1090,Karnataka,Mysore,Hospital,2026-04-16,227,383990
ATM1090,Karnataka,Mysore,Hospital,2026-04-17,130,358192
ATM1090,Karnataka,Mysore,Hospital,2026-04-18,217,470423
ATM1090,Karnataka,Mysore,Hospital,2026-04-19,223,472122
ATM1090,Karnataka,Mysore,Hospital,2026-04-20,126,373209
ATM1090,Karnataka,Mysore,Hospital,2026-04-21,189,371346
ATM1090,Karnataka,Mysore,Hospital,2026-04-22,189,369204
ATM1090,Karnataka,Mysore,Hospital,2026-04-23,165,392770
ATM1090,Karnataka,Mysore,Hospital,2026-04-24,127,376018
ATM1090,Karnataka,Mysore,Hospital,2026-04-25,235,466385
ATM1090,Karnataka,Mysore,Hospital,2026-04-26,268,483988
ATM1090,Karnataka,Mysore,Hospital,2026-04-27,172,372449
ATM1090,Karnataka,Mysore,Hospital,2026-04-28,146,353261
ATM1090,Karnataka,Mysore,Hospital,2026-04-29,191,379728
ATM1090,Karnataka,Mysore,Hospital,2026-04-30,152,360167
ATM1090,Karnataka,Mysore,Hospital,2026-05-01,180,382005
ATM1090,Karnataka,Mysore,Hospital,2026-05-02,248,478512
ATM1090,Karnataka,Mysore,Hospital,2026-05-03,241,469980
ATM1090,Karnataka,Mysore,Hospital,2026-05-04,128,367337
ATM1090,Karnataka,Mysore,Hospital,2026-05-05,140,377280
ATM1090,Karnataka,Mysore,Hospital,2026-05-06,180,404112
ATM1090,Karnataka,Mysore,Hospital,2026-05-07,221,371844
ATM1090,Karnataka,Mysore,Hospital,2026-05-08,230,395203
ATM1090,Karnataka,Mysore,Hospital,2026-05-09,168,449479
ATM1090,Karnataka,Mysore,Hospital,2026-05-10,195,471939
ATM1090,Karnataka,Mysore,Hospital,2026-05-11,207,379571
ATM1090,Karnataka,Mysore,Hospital,2026-05-12,192,351474
ATM1090,Karnataka,Mysore,Hospital,2026-05-13,180,393022
ATM1090,Karnataka,Mysore,Hospital,2026-05-14,204,372919
ATM1090,Karnataka,Mysore,Hospital,2026-05-15,186,381680
ATM1090,Karnataka,Mysore,Hospital,2026-05-16,250,457573
ATM1090,Karnataka,Mysore,Hospital,2026-05-17,265,482694
ATM1090,Karnataka,Mysore,Hospital,2026-05-18,245,377801
ATM1090,Karnataka,Mysore,Hospital,2026-05-19,131,375397
ATM1090,Karnataka,Mysore,Hospital,2026-05-20,126,374746
ATM1090,Karnataka,Mysore,Hospital,2026-05-21,220,395043
ATM1090,Karnataka,Mysore,Hospital,2026-05-22,150,384663
ATM1090,Karnataka,Mysore,Hospital,2026-05-23,180,446323
ATM1090,Karnataka,Mysore,Hospital,2026-05-24,181,475950
ATM1090,Karnataka,Mysore,Hospital,2026-05-25,237,360029
ATM1091,Gujarat,Ahmedabad,Railway Station,2026-04-16,77,200223
ATM1091,Gujarat,Ahmedabad,Railway Station,2026-04-17,61,182108
ATM1091,Gujarat,Ahmedabad,Railway Station,2026-04-18,99,225353
ATM1091,Gujarat,Ahmedabad,Railway Station,2026-04-19,98,273745
ATM1091,Gujarat,Ahmedabad,Railway Station,2026-04-20,127,211717
ATM1091,Gujarat,Ahmedabad,Railway Station,2026-04-21,78,215567
ATM1091,Gujarat,Ahmedabad,Railway Station,2026-04-22,104,188950
ATM1091,Gujarat,Ahmedabad,Railway Station,2026-04-23,83,198056
ATM1091,Gujarat,Ahmedabad,Railway Station,2026-04-24,80,225121
ATM1091,Gujarat,Ahmedabad,Railway Station,2026-04-25,116,251747
ATM1091,Gujarat,Ahmedabad,Railway Station,2026-04-26,120,242093
ATM1091,Gujarat,Ahmedabad,Railway Station,2026-04-27,109,219504
ATM1091,Gujarat,Ahmedabad,Railway Station,2026-04-28,73,187669
ATM1091,Gujarat,Ahmedabad,Railway Station,2026-04-29,86,189420
ATM1091,Gujarat,Ahmedabad,Railway Station,2026-04-30,61,172296
ATM1091,Gujarat,Ahmedabad,Railway Station,2026-05-01,90,197836
ATM1091,Gujarat,Ahmedabad,Railway Station,2026-05-02,135,249171
ATM1091,Gujarat,Ahmedabad,Railway Station,2026-05-03,96,243993
ATM1091,Gujarat,Ahmedabad,Railway Station,2026-05-04,71,196700
ATM1091,Gujarat,Ahmedabad,Railway Station,2026-05-05,89,211972
ATM1091,Gujarat,Ahmedabad,Railway Station,2026-05-06,105,210388
ATM1091,Gujarat,Ahmedabad,Railway Station,2026-05-07,68,195525
ATM1091,Gujarat,Ahmedabad,Railway Station,2026-05-08,105,187573
ATM1091,Gujarat,Ahmedabad,Railway Station,2026-05-09,103,238269
ATM1091,Gujarat,Ahmedabad,Railway Station,2026-05-10,158,275754
ATM1091,Gujarat,Ahmedabad,Railway Station,2026-05-11,86,196136
ATM1091,Gujarat,Ahmedabad,Railway Station,2026-05-12,64,190191
ATM1091,Gujarat,Ahmedabad,Railway Station,2026-05-13,75,177377
ATM1091,Gujarat,Ahmedabad,Railway Station,2026-05-14,64,187579
ATM1091,Gujarat,Ahmedabad,Railway Station,2026-05-15,112,197552
ATM1091,Gujarat,Ahmedabad,Railway Station,2026-05-16,111,255719
ATM1091,Gujarat,Ahmedabad,Railway Station,2026-05-17,113,232345
ATM1091,Gujarat,Ahmedabad,Railway Station,2026-05-18,76,197796
ATM1091,Gujarat,Ahmedabad,Railway Station,2026-05-19,77,196918
ATM1091,Gujarat,Ahmedabad,Railway Station,2026-05-20,95,224970
ATM1091,Gujarat,Ahmedabad,Railway Station,2026-05-21,78,189137
ATM1091,Gujarat,Ahmedabad,Railway Station,2026-05-22,94,193331
ATM1091,Gujarat,Ahmedabad,Railway Station,2026-05-23,88,240386
ATM1091,Gujarat,Ahmedabad,Railway Station,2026-05-24,97,249184
ATM1091,Gujarat,Ahmedabad,Railway Station,2026-05-25,91,204405
ATM1092,Gujarat,Ahmedabad,Bus Stand,2026-04-16,110,285488
ATM1092,Gujarat,Ahmedabad,Bus Stand,2026-04-17,106,281554
ATM1092,Gujarat,Ahmedabad,Bus Stand,2026-04-18,159,344920
ATM1092,Gujarat,Ahmedabad,Bus Stand,2026-04-19,156,390307
ATM1092,Gujarat,Ahmedabad,Bus Stand,2026-04-20,146,317876
ATM1092,Gujarat,Ahmedabad,Bus Stand,2026-04-21,180,285645
ATM1092,Gujarat,Ahmedabad,Bus Stand,2026-04-22,137,276213
ATM1092,Gujarat,Ahmedabad,Bus Stand,2026-04-23,208,325829
ATM1092,Gujarat,Ahmedabad,Bus Stand,2026-04-24,103,296331
ATM1092,Gujarat,Ahmedabad,Bus Stand,2026-04-25,165,348781
ATM1092,Gujarat,Ahmedabad,Bus Stand,2026-04-26,191,368755
ATM1092,Gujarat,Ahmedabad,Bus Stand,2026-04-27,153,286802
ATM1092,Gujarat,Ahmedabad,Bus Stand,2026-04-28,146,277761
ATM1092,Gujarat,Ahmedabad,Bus Stand,2026-04-29,128,316570
ATM1092,Gujarat,Ahmedabad,Bus Stand,2026-04-30,124,325352
ATM1092,Gujarat,Ahmedabad,Bus Stand,2026-05-01,156,338907
ATM1092,Gujarat,Ahmedabad,Bus Stand,2026-05-02,260,405505
ATM1092,Gujarat,Ahmedabad,Bus Stand,2026-05-03,142,369658
ATM1092,Gujarat,Ahmedabad,Bus Stand,2026-05-04,161,278390
ATM1092,Gujarat,Ahmedabad,Bus Stand,2026-05-05,188,304634
ATM1092,Gujarat,Ahmedabad,Bus Stand,2026-05-06,105,307823
ATM1092,Gujarat,Ahmedabad,Bus Stand,2026-05-07,118,312714
ATM1092,Gujarat,Ahmedabad,Bus Stand,2026-05-08,156,300489
ATM1092,Gujarat,Ahmedabad,Bus Stand,2026-05-09,179,360903
ATM1092,Gujarat,Ahmedabad,Bus Stand,2026-05-10,132,357276
ATM1092,Gujarat,Ahmedabad,Bus Stand,2026-05-11,109,287728
ATM1092,Gujarat,Ahmedabad,Bus Stand,2026-05-12,181,327123
ATM1092,Gujarat,Ahmedabad,Bus Stand,2026-05-13,126,302371
ATM1092,Gujarat,Ahmedabad,Bus Stand,2026-05-14,104,294057
ATM1092,Gujarat,Ahmedabad,Bus Stand,2026-05-15,180,314876
ATM1092,Gujarat,Ahmedabad,Bus Stand,2026-05-16,152,390587
ATM1092,Gujarat,Ahmedabad,Bus Stand,2026-05-17,146,370625
ATM1092,Gujarat,Ahmedabad,Bus Stand,2026-05-18,95,282762
ATM1092,Gujarat,Ahmedabad,Bus Stand,2026-05-19,118,297834
ATM1092,Gujarat,Ahmedabad,Bus Stand,2026-05-20,127,316495
ATM1092,Gujarat,Ahmedabad,Bus Stand,2026-05-21,112,323144
ATM1092,Gujarat,Ahmedabad,Bus Stand,2026-05-22,96,269847
ATM1092,Gujarat,Ahmedabad,Bus Stand,2026-05-23,187,353590
ATM1092,Gujarat,Ahmedabad,Bus Stand,2026-05-24,128,364167
ATM1092,Gujarat,Ahmedabad,Bus Stand,2026-05-25,104,290789
ATM1093,Gujarat,Surat,Petrol Bunk,2026-04-16,127,332665
ATM1093,Gujarat,Surat,Petrol Bunk,2026-04-17,132,325396
ATM1093,Gujarat,Surat,Petrol Bunk,2026-04-18,162,400544
ATM1093,Gujarat,Surat,Petrol Bunk,2026-04-19,226,392960
ATM1093,Gujarat,Surat,Petrol Bunk,2026-04-20,160,318229
ATM1093,Gujarat,Surat,Petrol Bunk,2026-04-21,113,322217
ATM1093,Gujarat,Surat,Petrol Bunk,2026-04-22,178,307817
ATM1093,Gujarat,Surat,Petrol Bunk,2026-04-23,119,339272
ATM1093,Gujarat,Surat,Petrol Bunk,2026-04-24,161,354557
ATM1093,Gujarat,Surat,Petrol Bunk,2026-04-25,170,373477
ATM1093,Gujarat,Surat,Petrol Bunk,2026-04-26,165,413086
ATM1093,Gujarat,Surat,Petrol Bunk,2026-04-27,145,323708
ATM1093,Gujarat,Surat,Petrol Bunk,2026-04-28,146,302644
ATM1093,Gujarat,Surat,Petrol Bunk,2026-04-29,156,330919
ATM1093,Gujarat,Surat,Petrol Bunk,2026-04-30,108,317926
ATM1093,Gujarat,Surat,Petrol Bunk,2026-05-01,146,335044
ATM1093,Gujarat,Surat,Petrol Bunk,2026-05-02,155,401771
ATM1093,Gujarat,Surat,Petrol Bunk,2026-05-03,140,406963
ATM1093,Gujarat,Surat,Petrol Bunk,2026-05-04,227,343042
ATM1093,Gujarat,Surat,Petrol Bunk,2026-05-05,139,323161
ATM1093,Gujarat,Surat,Petrol Bunk,2026-05-06,125,302881
ATM1093,Gujarat,Surat,Petrol Bunk,2026-05-07,145,337679
ATM1093,Gujarat,Surat,Petrol Bunk,2026-05-08,135,288702
ATM1093,Gujarat,Surat,Petrol Bunk,2026-05-09,144,421611
ATM1093,Gujarat,Surat,Petrol Bunk,2026-05-10,240,380770
ATM1093,Gujarat,Surat,Petrol Bunk,2026-05-11,131,330793
ATM1093,Gujarat,Surat,Petrol Bunk,2026-05-12,209,323687
ATM1093,Gujarat,Surat,Petrol Bunk,2026-05-13,218,328977
ATM1093,Gujarat,Surat,Petrol Bunk,2026-05-14,180,338279
ATM1093,Gujarat,Surat,Petrol Bunk,2026-05-15,121,323869
ATM1093,Gujarat,Surat,Petrol Bunk,2026-05-16,194,415050
ATM1093,Gujarat,Surat,Petrol Bunk,2026-05-17,155,392693
ATM1093,Gujarat,Surat,Petrol Bunk,2026-05-18,155,339946
ATM1093,Gujarat,Surat,Petrol Bunk,2026-05-19,134,334825
ATM1093,Gujarat,Surat,Petrol Bunk,2026-05-20,207,334788
ATM1093,Gujarat,Surat,Petrol Bunk,2026-05-21,116,337816
ATM1093,Gujarat,Surat,Petrol Bunk,2026-05-22,197,334319
ATM1093,Gujarat,Surat,Petrol Bunk,2026-05-23,131,375843
ATM1093,Gujarat,Surat,Petrol Bunk,2026-05-24,139,403043
ATM1093,Gujarat,Surat,Petrol Bunk,2026-05-25,140,318721
ATM1094,Gujarat,Ahmedabad,College Campus,2026-04-16,113,266073
ATM1094,Gujarat,Ahmedabad,College Campus,2026-04-17,107,271159
ATM1094,Gujarat,Ahmedabad,College Campus,2026-04-18,138,299394
ATM1094,Gujarat,Ahmedabad,College Campus,2026-04-19,144,327744
ATM1094,Gujarat,Ahmedabad,College Campus,2026-04-20,130,263149
ATM1094,Gujarat,Ahmedabad,College Campus,2026-04-21,140,263278
ATM1094,Gujarat,Ahmedabad,College Campus,2026-04-22,91,240811
ATM1094,Gujarat,Ahmedabad,College Campus,2026-04-23,130,284323
ATM1094,Gujarat,Ahmedabad,College Campus,2026-04-24,132,261355
ATM1094,Gujarat,Ahmedabad,College Campus,2026-04-25,119,318733
ATM1094,Gujarat,Ahmedabad,College Campus,2026-04-26,169,334390
ATM1094,Gujarat,Ahmedabad,College Campus,2026-04-27,163,257993
ATM1094,Gujarat,Ahmedabad,College Campus,2026-04-28,112,293194
ATM1094,Gujarat,Ahmedabad,College Campus,2026-04-29,91,261320
ATM1094,Gujarat,Ahmedabad,College Campus,2026-04-30,88,255327
ATM1094,Gujarat,Ahmedabad,College Campus,2026-05-01,166,261831
ATM1094,Gujarat,Ahmedabad,College Campus,2026-05-02,154,342576
ATM1094,Gujarat,Ahmedabad,College Campus,2026-05-03,121,345164
ATM1094,Gujarat,Ahmedabad,College Campus,2026-05-04,150,284901
ATM1094,Gujarat,Ahmedabad,College Campus,2026-05-05,96,286419
ATM1094,Gujarat,Ahmedabad,College Campus,2026-05-06,123,250515
ATM1094,Gujarat,Ahmedabad,College Campus,2026-05-07,148,249632
ATM1094,Gujarat,Ahmedabad,College Campus,2026-05-08,112,253906
ATM1094,Gujarat,Ahmedabad,College Campus,2026-05-09,188,349582
ATM1094,Gujarat,Ahmedabad,College Campus,2026-05-10,170,343883
ATM1094,Gujarat,Ahmedabad,College Campus,2026-05-11,139,288782
ATM1094,Gujarat,Ahmedabad,College Campus,2026-05-12,151,258727
ATM1094,Gujarat,Ahmedabad,College Campus,2026-05-13,97,261947
ATM1094,Gujarat,Ahmedabad,College Campus,2026-05-14,147,241484
ATM1094,Gujarat,Ahmedabad,College Campus,2026-05-15,164,283825
ATM1094,Gujarat,Ahmedabad,College Campus,2026-05-16,204,355480
ATM1094,Gujarat,Ahmedabad,College Campus,2026-05-17,203,364240
ATM1094,Gujarat,Ahmedabad,College Campus,2026-05-18,105,274157
ATM1094,Gujarat,Ahmedabad,College Campus,2026-05-19,111,249385
ATM1094,Gujarat,Ahmedabad,College Campus,2026-05-20,190,288720
ATM1094,Gujarat,Ahmedabad,College Campus,2026-05-21,118,248482
ATM1094,Gujarat,Ahmedabad,College Campus,2026-05-22,143,239267
ATM1094,Gujarat,Ahmedabad,College Campus,2026-05-23,171,315254
ATM1094,Gujarat,Ahmedabad,College Campus,2026-05-24,132,333379
ATM1094,Gujarat,Ahmedabad,College Campus,2026-05-25,122,264733
ATM1095,Andhra Pradesh,Visakhapatnam,Market Area,2026-04-16,90,217580
ATM1095,Andhra Pradesh,Visakhapatnam,Market Area,2026-04-17,82,246189
ATM1095,Andhra Pradesh,Visakhapatnam,Market Area,2026-04-18,149,289327
ATM1095,Andhra Pradesh,Visakhapatnam,Market Area,2026-04-19,152,308785
ATM1095,Andhra Pradesh,Visakhapatnam,Market Area,2026-04-20,104,248946
ATM1095,Andhra Pradesh,Visakhapatnam,Market Area,2026-04-21,82,216384
ATM1095,Andhra Pradesh,Visakhapatnam,Market Area,2026-04-22,113,230510
ATM1095,Andhra Pradesh,Visakhapatnam,Market Area,2026-04-23,106,236321
ATM1095,Andhra Pradesh,Visakhapatnam,Market Area,2026-04-24,127,226436
ATM1095,Andhra Pradesh,Visakhapatnam,Market Area,2026-04-25,154,297454
ATM1095,Andhra Pradesh,Visakhapatnam,Market Area,2026-04-26,174,281351
ATM1095,Andhra Pradesh,Visakhapatnam,Market Area,2026-04-27,86,254059
ATM1095,Andhra Pradesh,Visakhapatnam,Market Area,2026-04-28,123,250989
ATM1095,Andhra Pradesh,Visakhapatnam,Market Area,2026-04-29,76,219510
ATM1095,Andhra Pradesh,Visakhapatnam,Market Area,2026-04-30,132,217098
ATM1095,Andhra Pradesh,Visakhapatnam,Market Area,2026-05-01,117,209978
ATM1095,Andhra Pradesh,Visakhapatnam,Market Area,2026-05-02,173,270167
ATM1095,Andhra Pradesh,Visakhapatnam,Market Area,2026-05-03,107,295573
ATM1095,Andhra Pradesh,Visakhapatnam,Market Area,2026-05-04,86,216665
ATM1095,Andhra Pradesh,Visakhapatnam,Market Area,2026-05-05,99,240872
ATM1095,Andhra Pradesh,Visakhapatnam,Market Area,2026-05-06,78,200690
ATM1095,Andhra Pradesh,Visakhapatnam,Market Area,2026-05-07,126,237822
ATM1095,Andhra Pradesh,Visakhapatnam,Market Area,2026-05-08,76,221472
ATM1095,Andhra Pradesh,Visakhapatnam,Market Area,2026-05-09,121,290842
ATM1095,Andhra Pradesh,Visakhapatnam,Market Area,2026-05-10,140,304438
ATM1095,Andhra Pradesh,Visakhapatnam,Market Area,2026-05-11,91,223472
ATM1095,Andhra Pradesh,Visakhapatnam,Market Area,2026-05-12,144,221836
ATM1095,Andhra Pradesh,Visakhapatnam,Market Area,2026-05-13,85,217739
ATM1095,Andhra Pradesh,Visakhapatnam,Market Area,2026-05-14,131,245409
ATM1095,Andhra Pradesh,Visakhapatnam,Market Area,2026-05-15,71,212556
ATM1095,Andhra Pradesh,Visakhapatnam,Market Area,2026-05-16,137,298724
ATM1095,Andhra Pradesh,Visakhapatnam,Market Area,2026-05-17,141,274476
ATM1095,Andhra Pradesh,Visakhapatnam,Market Area,2026-05-18,142,250338
ATM1095,Andhra Pradesh,Visakhapatnam,Market Area,2026-05-19,141,234831
ATM1095,Andhra Pradesh,Visakhapatnam,Market Area,2026-05-20,84,242751
ATM1095,Andhra Pradesh,Visakhapatnam,Market Area,2026-05-21,107,246304
ATM1095,Andhra Pradesh,Visakhapatnam,Market Area,2026-05-22,114,230696
ATM1095,Andhra Pradesh,Visakhapatnam,Market Area,2026-05-23,102,271698
ATM1095,Andhra Pradesh,Visakhapatnam,Market Area,2026-05-24,97,286718
ATM1095,Andhra Pradesh,Visakhapatnam,Market Area,2026-05-25,95,241844
ATM1096,Telangana,Hyderabad,Market Area,2026-04-16,45,88099
ATM1096,Telangana,Hyderabad,Market Area,2026-04-17,56,97032
ATM1096,Telangana,Hyderabad,Market Area,2026-04-18,54,133149
ATM1096,Telangana,Hyderabad,Market Area,2026-04-19,78,133436
ATM1096,Telangana,Hyderabad,Market Area,2026-04-20,36,99931
ATM1096,Telangana,Hyderabad,Market Area,2026-04-21,50,104216
ATM1096,Telangana,Hyderabad,Market Area,2026-04-22,63,110496
ATM1096,Telangana,Hyderabad,Market Area,2026-04-23,34,103341
ATM1096,Telangana,Hyderabad,Market Area,2026-04-24,44,119302
ATM1096,Telangana,Hyderabad,Market Area,2026-04-25,49,135757
ATM1096,Telangana,Hyderabad,Market Area,2026-04-26,58,125955
ATM1096,Telangana,Hyderabad,Market Area,2026-04-27,35,98908
ATM1096,Telangana,Hyderabad,Market Area,2026-04-28,37,101808
ATM1096,Telangana,Hyderabad,Market Area,2026-04-29,39,97372
ATM1096,Telangana,Hyderabad,Market Area,2026-04-30,47,124360
ATM1096,Telangana,Hyderabad,Market Area,2026-05-01,52,108319
ATM1096,Telangana,Hyderabad,Market Area,2026-05-02,54,138515
ATM1096,Telangana,Hyderabad,Market Area,2026-05-03,51,143847
ATM1096,Telangana,Hyderabad,Market Area,2026-05-04,51,107978
ATM1096,Telangana,Hyderabad,Market Area,2026-05-05,66,110478
ATM1096,Telangana,Hyderabad,Market Area,2026-05-06,56,123189
ATM1096,Telangana,Hyderabad,Market Area,2026-05-07,50,86888
ATM1096,Telangana,Hyderabad,Market Area,2026-05-08,67,114814
ATM1096,Telangana,Hyderabad,Market Area,2026-05-09,62,141543
ATM1096,Telangana,Hyderabad,Market Area,2026-05-10,78,161149
ATM1096,Telangana,Hyderabad,Market Area,2026-05-11,46,78959
ATM1096,Telangana,Hyderabad,Market Area,2026-05-12,64,110156
ATM1096,Telangana,Hyderabad,Market Area,2026-05-13,36,100902
ATM1096,Telangana,Hyderabad,Market Area,2026-05-14,38,96540
ATM1096,Telangana,Hyderabad,Market Area,2026-05-15,64,125232
ATM1096,Telangana,Hyderabad,Market Area,2026-05-16,59,139291
ATM1096,Telangana,Hyderabad,Market Area,2026-05-17,50,150569
ATM1096,Telangana,Hyderabad,Market Area,2026-05-18,47,91906
ATM1096,Telangana,Hyderabad,Market Area,2026-05-19,31,86762
ATM1096,Telangana,Hyderabad,Market Area,2026-05-20,47,109187
ATM1096,Telangana,Hyderabad,Market Area,2026-05-21,29,77313
ATM1096,Telangana,Hyderabad,Market Area,2026-05-22,39,96966
ATM1096,Telangana,Hyderabad,Market Area,2026-05-23,75,154945
ATM1096,Telangana,Hyderabad,Market Area,2026-05-24,41,107262
ATM1096,Telangana,Hyderabad,Market Area,2026-05-25,39,96108
ATM1097,Gujarat,Surat,Residential Area,2026-04-16,85,232138
ATM1097,Gujarat,Surat,Residential Area,2026-04-17,128,262240
ATM1097,Gujarat,Surat,Residential Area,2026-04-18,102,247705
ATM1097,Gujarat,Surat,Residential Area,2026-04-19,126,272973
ATM1097,Gujarat,Surat,Residential Area,2026-04-20,135,255326
ATM1097,Gujarat,Surat,Residential Area,2026-04-21,92,236084
ATM1097,Gujarat,Surat,Residential Area,2026-04-22,91,240076
ATM1097,Gujarat,Surat,Residential Area,2026-04-23,122,222728
ATM1097,Gujarat,Surat,Residential Area,2026-04-24,102,244857
ATM1097,Gujarat,Surat,Residential Area,2026-04-25,105,281777
ATM1097,Gujarat,Surat,Residential Area,2026-04-26,149,267293
ATM1097,Gujarat,Surat,Residential Area,2026-04-27,75,222372
ATM1097,Gujarat,Surat,Residential Area,2026-04-28,85,228135
ATM1097,Gujarat,Surat,Residential Area,2026-04-29,154,249848
ATM1097,Gujarat,Surat,Residential Area,2026-04-30,80,228412
ATM1097,Gujarat,Surat,Residential Area,2026-05-01,145,222389
ATM1097,Gujarat,Surat,Residential Area,2026-05-02,140,297227
ATM1097,Gujarat,Surat,Residential Area,2026-05-03,107,262615
ATM1097,Gujarat,Surat,Residential Area,2026-05-04,91,248032
ATM1097,Gujarat,Surat,Residential Area,2026-05-05,111,206543
ATM1097,Gujarat,Surat,Residential Area,2026-05-06,100,252545
ATM1097,Gujarat,Surat,Residential Area,2026-05-07,110,227085
ATM1097,Gujarat,Surat,Residential Area,2026-05-08,134,219848
ATM1097,Gujarat,Surat,Residential Area,2026-05-09,105,268324
ATM1097,Gujarat,Surat,Residential Area,2026-05-10,140,290188
ATM1097,Gujarat,Surat,Residential Area,2026-05-11,130,234697
ATM1097,Gujarat,Surat,Residential Area,2026-05-12,87,211919
ATM1097,Gujarat,Surat,Residential Area,2026-05-13,76,230484
ATM1097,Gujarat,Surat,Residential Area,2026-05-14,128,227300
ATM1097,Gujarat,Surat,Residential Area,2026-05-15,122,203981
ATM1097,Gujarat,Surat,Residential Area,2026-05-16,117,271482
ATM1097,Gujarat,Surat,Residential Area,2026-05-17,176,298966
ATM1097,Gujarat,Surat,Residential Area,2026-05-18,77,227179
ATM1097,Gujarat,Surat,Residential Area,2026-05-19,78,232847
ATM1097,Gujarat,Surat,Residential Area,2026-05-20,104,237397
ATM1097,Gujarat,Surat,Residential Area,2026-05-21,116,237107
ATM1097,Gujarat,Surat,Residential Area,2026-05-22,101,230273
ATM1097,Gujarat,Surat,Residential Area,2026-05-23,122,275631
ATM1097,Gujarat,Surat,Residential Area,2026-05-24,164,291754
ATM1097,Gujarat,Surat,Residential Area,2026-05-25,93,238494
ATM1098,Karnataka,Mysore,Shopping Mall,2026-04-16,71,195099
ATM1098,Karnataka,Mysore,Shopping Mall,2026-04-17,71,178781
ATM1098,Karnataka,Mysore,Shopping Mall,2026-04-18,81,217541
ATM1098,Karnataka,Mysore,Shopping Mall,2026-04-19,87,219598
ATM1098,Karnataka,Mysore,Shopping Mall,2026-04-20,68,199181
ATM1098,Karnataka,Mysore,Shopping Mall,2026-04-21,76,206193
ATM1098,Karnataka,Mysore,Shopping Mall,2026-04-22,61,159804
ATM1098,Karnataka,Mysore,Shopping Mall,2026-04-23,131,229570
ATM1098,Karnataka,Mysore,Shopping Mall,2026-04-24,112,204606
ATM1098,Karnataka,Mysore,Shopping Mall,2026-04-25,119,238435
ATM1098,Karnataka,Mysore,Shopping Mall,2026-04-26,95,271192
ATM1098,Karnataka,Mysore,Shopping Mall,2026-04-27,93,187746
ATM1098,Karnataka,Mysore,Shopping Mall,2026-04-28,127,202237
ATM1098,Karnataka,Mysore,Shopping Mall,2026-04-29,88,189226
ATM1098,Karnataka,Mysore,Shopping Mall,2026-04-30,85,196603
ATM1098,Karnataka,Mysore,Shopping Mall,2026-05-01,116,201665
ATM1098,Karnataka,Mysore,Shopping Mall,2026-05-02,153,246043
ATM1098,Karnataka,Mysore,Shopping Mall,2026-05-03,101,261297
ATM1098,Karnataka,Mysore,Shopping Mall,2026-05-04,57,172551
ATM1098,Karnataka,Mysore,Shopping Mall,2026-05-05,75,213913
ATM1098,Karnataka,Mysore,Shopping Mall,2026-05-06,141,233093
ATM1098,Karnataka,Mysore,Shopping Mall,2026-05-07,69,191913
ATM1098,Karnataka,Mysore,Shopping Mall,2026-05-08,71,190568
ATM1098,Karnataka,Mysore,Shopping Mall,2026-05-09,86,237199
ATM1098,Karnataka,Mysore,Shopping Mall,2026-05-10,144,221916
ATM1098,Karnataka,Mysore,Shopping Mall,2026-05-11,84,178482
ATM1098,Karnataka,Mysore,Shopping Mall,2026-05-12,69,206382
ATM1098,Karnataka,Mysore,Shopping Mall,2026-05-13,71,196678
ATM1098,Karnataka,Mysore,Shopping Mall,2026-05-14,79,187715
ATM1098,Karnataka,Mysore,Shopping Mall,2026-05-15,87,209243
ATM1098,Karnataka,Mysore,Shopping Mall,2026-05-16,154,247217
ATM1098,Karnataka,Mysore,Shopping Mall,2026-05-17,103,237871
ATM1098,Karnataka,Mysore,Shopping Mall,2026-05-18,66,161817
ATM1098,Karnataka,Mysore,Shopping Mall,2026-05-19,79,202881
ATM1098,Karnataka,Mysore,Shopping Mall,2026-05-20,73,178792
ATM1098,Karnataka,Mysore,Shopping Mall,2026-05-21,73,206454
ATM1098,Karnataka,Mysore,Shopping Mall,2026-05-22,69,203574
ATM1098,Karnataka,Mysore,Shopping Mall,2026-05-23,83,250287
ATM1098,Karnataka,Mysore,Shopping Mall,2026-05-24,87,246665
ATM1098,Karnataka,Mysore,Shopping Mall,2026-05-25,90,186526
ATM1099,Kerala,Kochi,Hospital,2026-04-16,133,293242
ATM1099,Kerala,Kochi,Hospital,2026-04-17,179,328890
ATM1099,Kerala,Kochi,Hospital,2026-04-18,258,413040
ATM1099,Kerala,Kochi,Hospital,2026-04-19,182,432738
ATM1099,Kerala,Kochi,Hospital,2026-04-20,149,309764
ATM1099,Kerala,Kochi,Hospital,2026-04-21,158,310123
ATM1099,Kerala,Kochi,Hospital,2026-04-22,143,308802
ATM1099,Kerala,Kochi,Hospital,2026-04-23,122,331693
ATM1099,Kerala,Kochi,Hospital,2026-04-24,169,319698
ATM1099,Kerala,Kochi,Hospital,2026-04-25,252,403948
ATM1099,Kerala,Kochi,Hospital,2026-04-26,212,397841
ATM1099,Kerala,Kochi,Hospital,2026-04-27,104,298682
ATM1099,Kerala,Kochi,Hospital,2026-04-28,158,311744
ATM1099,Kerala,Kochi,Hospital,2026-04-29,144,338597
ATM1099,Kerala,Kochi,Hospital,2026-04-30,113,303403
ATM1099,Kerala,Kochi,Hospital,2026-05-01,179,311695
ATM1099,Kerala,Kochi,Hospital,2026-05-02,209,381288
ATM1099,Kerala,Kochi,Hospital,2026-05-03,163,359415
ATM1099,Kerala,Kochi,Hospital,2026-05-04,146,327207
ATM1099,Kerala,Kochi,Hospital,2026-05-05,201,353374
ATM1099,Kerala,Kochi,Hospital,2026-05-06,157,333675
ATM1099,Kerala,Kochi,Hospital,2026-05-07,158,326257
ATM1099,Kerala,Kochi,Hospital,2026-05-08,113,330786
ATM1099,Kerala,Kochi,Hospital,2026-05-09,175,411182
ATM1099,Kerala,Kochi,Hospital,2026-05-10,248,381461
ATM1099,Kerala,Kochi,Hospital,2026-05-11,143,339110
ATM1099,Kerala,Kochi,Hospital,2026-05-12,121,317513
ATM1099,Kerala,Kochi,Hospital,2026-05-13,120,320652
ATM1099,Kerala,Kochi,Hospital,2026-05-14,116,295433
ATM1099,Kerala,Kochi,Hospital,2026-05-15,110,289041
ATM1099,Kerala,Kochi,Hospital,2026-05-16,151,390626
ATM1099,Kerala,Kochi,Hospital,2026-05-17,174,413708
ATM1099,Kerala,Kochi,Hospital,2026-05-18,209,327608
ATM1099,Kerala,Kochi,Hospital,2026-05-19,173,298386
ATM1099,Kerala,Kochi,Hospital,2026-05-20,119,274042
ATM1099,Kerala,Kochi,Hospital,2026-05-21,145,314375
ATM1099,Kerala,Kochi,Hospital,2026-05-22,140,325084
ATM1099,Kerala,Kochi,Hospital,2026-05-23,180,400703
ATM1099,Kerala,Kochi,Hospital,2026-05-24,171,375783
ATM1099,Kerala,Kochi,Hospital,2026-05-25,114,337262
